# THE EAO WINDOW TERM. The same board trajectories, scored under two integration windows:
# [115, 755] (VOT-STb2022, this project's stack) and [108, 371] (VOT2015,
# vot/stack/vot2015/rgb.yaml). Generated by scripts/eao_window.py; claim M-17.
#
# WHAT THIS IS. Only the window changes. Dataset, protocol (anchor multistart), failure rule
# and ground-truth format all stay VOT-STb2022's. It prices ONE of the three breaks that make
# a VOT2015-era paper incomparable to this project (evidence/embedded_comparison.md sec.1).
#
# WHAT THIS IS NOT. `eao_108_371` IS NOT A VOT2015 EAO AND MUST NEVER BE QUOTED AS ONE, nor
# put in a table beside Danilowicz's 0.183. The other two breaks -- R's definition and sign,
# and polygon vs mask-fitted ground truth -- are untouched here, and the failure rule that
# generates the curve is multistart's, not VOT2015's reset protocol. This column exists to
# show that a cross-era EAO comparison is dominated by an artefact, NOT to repair one.
#
# CONTROL, and it is the reason these numbers are trustworthy: every `eao_115_755` value
# reproduces its published row in arms.csv EXACTLY (all eight arms), and the script
# re-derives both scores from the returned EAO curve to 0.00e+00.
#
# TOOLKIT OFF-BY-ONE, reproduced deliberately: EAOScore is written as mean(curve[low:high+1])
# but its curve has LENGTH `high`, so the slice silently ends at high-1. That is the published
# behaviour -- it is inside the arms.csv numbers too -- so it cancels in every comparison and
# is NOT corrected. scripts/eao_window.py mirrors it; reading the docstring instead leaves a
# 3.1e-04 residual that makes the control fire.
#
# ratio = eao_108_371 / eao_115_755. It FALLS monotonically as arms improve (1.504 -> 1.422):
# a better arm survives longer, so the long tail the wider window includes is worth more to it.
arm,date,A,R,eao_115_755,eao_108_371,d_eao,ratio,workspace,arms_csv_row,arm_pl
gray_h14,2026-08-26,0.4890,0.2743,0.1367,0.2056,0.0689,1.504,full62,gray_h14,"skala szarości, H_SHIFT=14"
rgb_h15,2026-08-26,0.5043,0.3065,0.1474,0.2192,0.0718,1.487,full62,rgb_h15,"RGB, H_SHIFT=15"
rgb_eta05,2026-08-27,0.5100,0.3283,0.1600,0.2307,0.0707,1.442,gate,rgb_eta05,"+ MOSSE_ETA=0,05"
rgb_eta05_gate5,2026-08-27,0.5100,0.3417,0.1629,0.2367,0.0737,1.453,gate,rgb_eta05_gate5,"+ PSR_GATE_MIN=5,0"
rgb_res64,2026-09-01,0.5336,0.3873,0.1849,0.2652,0.0802,1.434,0902_cmp,rgb_res64,"+ mapa 64x64"
rgb_l1lin,2026-09-03,0.5294,0.3790,0.1851,0.2629,0.0777,1.420,0903_l1lin,rgb_l1lin,"+ cechy warstwy 1, bez ReLU"
rgb_sigma4,2026-09-01,0.5133,0.4095,0.1931,0.2719,0.0788,1.408,0902_cmp,rgb_sigma4,"+ MOSSE_SIGMA=4,0 przy 128x128"
rgb_l1relu,2026-09-02,0.5129,0.4279,0.1960,0.2786,0.0827,1.422,0902_cmp,rgb_l1relu,"+ cechy warstwy 1 --- konfiguracja docelowa"
