frame,occluded,evaluated,accept,reason,psr_bolme,psr_ratio,peak,dr_bin,dc_bin,resp00_over_peak,est_row,est_col,est_h,est_w,truth_row,truth_col,truth_h,truth_w,iou,centre_err,published,scale_idx,scale_conf,scale_reason,rails,accum_max,fch0_max,h_max,job,anchor,resp_max,rails_fch,rails_accum,rails_resp,rails_h,mask_ebox
0,0,0,0,ZERO_RESPONSE,0.0000,0.0000,0,0,0,0.0000,291.00,313.50,24.00,13.00,291.00,313.50,24.00,13.00,1.0000,0.00,1,0,0.0000,NOT_RUN,0,0,4680,7503,0,0,0,0,0,0,0,-1.0000
1,0,1,1,ACCEPT,7.3945,1.4615,19,3,-39,0.1053,292.12,305.58,24.00,13.00,293.50,304.50,23.00,13.00,0.7596,1.75,1,0,3.0847,ACCEPT,0,129,2699,14605,0,0,19,0,0,0,0,0.6322
2,0,1,1,ACCEPT,6.3172,1.3636,30,30,-30,0.5000,303.38,299.48,24.00,13.00,299.50,292.50,23.00,11.00,0.2110,7.99,1,9,0.9202,MAX_STEP,0,172,1798,14381,0,0,30,0,0,0,0,0.6915
3,0,1,1,ACCEPT,5.0307,1.0667,32,40,-4,0.0000,318.38,298.67,24.00,13.00,293.00,277.00,26.00,12.00,0.0000,33.37,1,-4,1.9155,MAX_STEP,0,262,2797,8492,0,0,32,0,0,0,0,0.7100
4,0,1,1,ACCEPT,17.2859,2.5143,176,16,-14,0.0511,324.38,295.83,24.00,13.00,292.50,264.50,25.00,13.00,0.0000,44.69,1,0,2.7636,ACCEPT,0,366,2388,17611,0,0,176,0,0,0,0,0.7376
5,0,1,1,ACCEPT,10.6847,1.2967,118,-1,-29,0.2034,324.00,289.94,24.00,13.00,299.00,254.50,26.00,11.00,0.0000,43.37,1,-1,1.7449,LOW_CONF,0,419,2140,7804,0,0,118,0,0,0,0,0.7498
6,0,1,1,ACCEPT,8.0417,1.1220,46,-35,-34,0.2174,310.88,283.03,24.00,13.00,284.50,243.50,25.00,11.00,0.0000,47.52,1,1,1.1901,LOW_CONF,0,247,1799,8074,0,0,46,0,0,0,0,-1.0000
7,0,1,0,NEGATIVE_PEAK,-5.1117,1.0000,-12,-9,0,0.8333,310.88,283.03,24.00,13.00,273.00,237.50,26.00,11.00,0.0000,59.23,0,0,0.0000,NOT_RUN,0,106,8882,0,0,0,13,0,0,0,0,-1.0000
8,0,1,0,NEGATIVE_PEAK,-5.2587,1.0833,-26,-20,0,0.2308,310.88,283.03,24.00,13.00,267.00,234.50,24.00,13.00,0.0000,65.42,0,0,0.0000,NOT_RUN,0,226,1914,0,0,0,26,0,0,0,0,-1.0000
9,0,1,1,ACCEPT,12.0251,1.4884,64,-11,1,0.1094,306.75,283.23,23.08,12.50,248.00,226.00,26.00,10.00,0.0000,82.02,1,-1,2.4637,ACCEPT,0,185,715,17380,0,0,64,0,0,0,0,-1.0000
10,0,1,0,NEGATIVE_PEAK,-4.9801,1.2857,-9,-20,-1,0.4444,306.75,283.23,23.08,12.50,231.00,208.50,26.00,15.00,0.0000,106.41,0,0,0.0000,NOT_RUN,0,99,2235,0,0,0,9,0,0,0,0,-1.0000
11,0,1,0,NEGATIVE_PEAK,-6.7881,1.0833,-13,-9,-14,0.3077,306.75,283.23,23.08,12.50,228.00,195.00,24.00,16.00,0.0000,118.27,0,0,0.0000,NOT_RUN,0,71,1959,0,0,0,13,0,0,0,0,-1.0000
12,0,1,0,NEGATIVE_PEAK,-6.6714,1.2222,-11,-3,0,0.6364,306.75,283.23,23.08,12.50,214.50,187.50,25.00,17.00,0.0000,132.95,0,0,0.0000,NOT_RUN,0,82,5071,0,0,0,11,0,0,0,0,-1.0000
13,0,1,0,NEGATIVE_PEAK,-7.2856,1.0870,-25,9,-1,0.4800,306.75,283.23,23.08,12.50,200.50,184.00,27.00,18.00,0.0000,145.38,0,0,0.0000,NOT_RUN,0,144,9270,0,0,0,25,0,0,0,0,-1.0000
14,0,1,0,NEGATIVE_PEAK,-5.2932,1.1250,-9,-3,0,0.5556,306.75,283.23,23.08,12.50,200.00,184.50,26.00,15.00,0.0000,145.41,0,0,0.0000,NOT_RUN,0,71,8205,0,0,0,9,0,0,0,0,-1.0000
15,0,1,0,NEGATIVE_PEAK,-7.3260,1.0741,-29,-10,-43,0.1034,306.75,283.23,23.08,12.50,199.50,188.50,27.00,15.00,0.0000,143.10,0,0,0.0000,NOT_RUN,0,166,7418,0,0,0,29,0,0,0,0,-1.0000
16,0,1,1,ACCEPT,6.7282,1.2857,18,8,-27,0.3333,309.62,277.96,23.08,12.50,199.00,191.50,26.00,17.00,0.0000,140.40,1,0,2.7612,ACCEPT,0,120,6045,2267,0,0,18,0,0,0,0,-1.0000
17,0,1,0,NEGATIVE_PEAK,-7.4374,1.1429,-16,0,-12,0.3750,309.62,277.96,23.08,12.50,211.50,203.50,25.00,17.00,0.0000,123.18,0,0,0.0000,NOT_RUN,0,72,3369,0,0,0,16,0,0,0,0,-1.0000
18,0,1,1,ACCEPT,5.5006,1.0000,14,12,-31,0.7143,313.94,271.91,23.08,12.50,213.00,224.50,28.00,15.00,0.0000,111.52,1,0,3.0937,ACCEPT,0,151,3905,3955,0,0,14,0,0,0,0,-1.0000
19,0,1,1,ACCEPT,15.8213,1.0244,84,22,-32,0.1190,321.84,265.66,23.08,12.50,211.00,249.00,28.00,14.00,0.0000,112.09,1,0,2.1044,ACCEPT,0,183,2552,4383,0,0,84,0,0,0,0,-1.0000
20,0,1,0,NEGATIVE_PEAK,-6.4439,1.0333,-31,20,-28,0.1613,321.84,265.66,23.08,12.50,217.00,272.00,28.00,12.00,0.0000,105.04,0,0,0.0000,NOT_RUN,0,168,4669,0,0,0,31,0,0,0,0,-1.0000
21,0,1,1,ACCEPT,7.2695,1.0435,24,-17,-2,0.1667,315.73,265.27,23.08,12.50,215.50,290.00,27.00,12.00,0.0000,103.24,1,0,2.6469,ACCEPT,0,109,5719,2250,0,0,24,0,0,0,0,-1.0000
22,0,1,1,ACCEPT,7.8429,1.1364,25,-13,8,0.3600,311.06,266.83,23.08,12.50,211.00,304.50,28.00,11.00,0.0000,106.92,1,0,1.7013,LOW_CONF,0,118,2033,3787,0,0,25,0,0,0,0,-1.0000
23,0,1,0,NEGATIVE_PEAK,-4.8344,1.0000,-8,0,0,1.0000,311.06,266.83,23.08,12.50,213.50,320.00,25.00,12.00,0.0000,111.11,0,0,0.0000,NOT_RUN,0,69,1250,0,0,0,10,0,0,0,0,-1.0000
24,0,1,1,ACCEPT,7.2242,1.2000,18,15,3,0.5000,316.45,267.41,23.08,12.50,213.50,333.00,27.00,12.00,0.0000,122.07,1,3,2.1465,MAX_STEP,0,114,1136,7192,0,0,18,0,0,0,0,-1.0000
25,0,1,0,NEGATIVE_PEAK,-5.4162,1.0526,-20,18,-7,0.3000,316.45,267.41,23.08,12.50,210.50,341.50,25.00,11.00,0.0000,129.29,0,0,0.0000,NOT_RUN,0,145,3221,0,0,0,20,0,0,0,0,-1.0000
26,0,1,0,NEGATIVE_PEAK,-5.4966,1.0714,-15,-18,-1,0.0667,316.45,267.41,23.08,12.50,214.00,353.00,24.00,10.00,0.0000,133.50,0,0,0.0000,NOT_RUN,0,122,1923,0,0,0,15,0,0,0,0,-1.0000
27,0,1,1,ACCEPT,10.5899,1.1081,41,49,-22,0.3171,334.06,263.12,23.08,12.50,213.50,361.50,27.00,11.00,0.0000,155.61,1,0,2.5129,ACCEPT,0,102,1972,5355,0,0,41,0,0,0,0,-1.0000
28,0,1,0,NEGATIVE_PEAK,-4.9273,1.0000,-7,-16,0,0.2857,334.06,263.12,23.08,12.50,206.50,363.50,27.00,11.00,0.0000,162.32,0,0,0.0000,NOT_RUN,0,70,2443,0,0,0,8,0,0,0,0,-1.0000
29,0,1,1,ACCEPT,6.3764,1.1429,8,1,13,0.1250,334.42,265.66,24.00,13.00,210.00,369.50,28.00,11.00,0.0000,162.06,1,1,2.7426,ACCEPT,0,66,2887,1646,0,0,8,0,0,0,0,-1.0000
30,0,1,0,NEGATIVE_PEAK,-6.8674,1.0000,-6,0,0,1.0000,334.42,265.66,24.00,13.00,214.50,375.00,27.00,10.00,0.0000,162.29,0,0,0.0000,NOT_RUN,0,30,2793,0,0,0,8,0,0,0,0,-1.0000
31,0,1,0,NEGATIVE_PEAK,-6.5460,1.2000,-6,0,0,1.0000,334.42,265.66,24.00,13.00,210.00,377.50,28.00,11.00,0.0000,167.30,0,0,0.0000,NOT_RUN,0,34,2022,0,0,0,8,0,0,0,0,-1.0000
32,0,1,1,ACCEPT,8.4228,1.0833,13,5,-49,0.0769,336.30,255.70,24.00,13.00,213.50,382.50,27.00,11.00,0.0000,176.51,1,-2,1.8149,LOW_CONF,0,59,2176,4578,0,0,13,0,0,0,0,-1.0000
33,0,1,0,NEGATIVE_PEAK,-5.7157,1.0000,-9,5,15,0.5556,336.30,255.70,24.00,13.00,219.00,384.00,26.00,10.00,0.0000,173.84,0,0,0.0000,NOT_RUN,0,67,2072,0,0,0,9,0,0,0,0,-1.0000
34,0,1,0,NEGATIVE_PEAK,-6.6229,1.1667,-7,2,0,0.8571,336.30,255.70,24.00,13.00,215.00,384.50,26.00,11.00,0.0000,176.92,0,0,0.0000,NOT_RUN,0,48,2263,0,0,0,8,0,0,0,0,-1.0000
35,0,1,0,NEGATIVE_PEAK,-5.0304,1.1250,-9,7,-5,0.1111,336.30,255.70,24.00,13.00,219.00,389.00,28.00,12.00,0.0000,177.56,0,0,0.0000,NOT_RUN,0,92,2679,0,0,0,9,0,0,0,0,-1.0000
36,0,1,0,NEGATIVE_PEAK,-8.9012,1.4615,-19,13,-25,0.0000,336.30,255.70,24.00,13.00,224.00,392.50,26.00,9.00,0.0000,176.99,0,0,0.0000,NOT_RUN,0,115,2600,0,0,0,19,0,0,0,0,-1.0000
37,0,1,0,NEGATIVE_PEAK,-6.5052,1.1111,-10,31,10,0.6000,336.30,255.70,24.00,13.00,218.50,393.50,27.00,11.00,0.0000,181.28,0,0,0.0000,NOT_RUN,0,48,2509,0,0,0,10,0,0,0,0,-1.0000
38,0,1,0,NEGATIVE_PEAK,-5.6242,1.1111,-10,27,-12,0.8000,336.30,255.70,24.00,13.00,220.00,394.50,26.00,11.00,0.0000,181.08,0,0,0.0000,NOT_RUN,0,90,3991,0,0,0,10,0,0,0,0,-1.0000
39,0,1,0,NEGATIVE_PEAK,-7.8150,1.4000,-14,-9,-25,0.5714,336.30,255.70,24.00,13.00,227.50,395.00,25.00,10.00,0.0000,176.75,0,0,0.0000,NOT_RUN,0,76,5951,0,0,0,14,0,0,0,0,-1.0000
40,0,1,0,NEGATIVE_PEAK,-13.3167,2.0769,-27,-11,-25,0.0370,336.30,255.70,24.00,13.00,218.00,393.50,26.00,11.00,0.0000,181.61,0,0,0.0000,NOT_RUN,0,86,4918,0,0,0,27,0,0,0,0,-1.0000
41,0,1,0,NEGATIVE_PEAK,-6.4773,1.0909,-12,27,-25,0.5833,336.30,255.70,24.00,13.00,219.00,393.50,26.00,11.00,0.0000,180.96,0,0,0.0000,NOT_RUN,0,80,4210,0,0,0,12,0,0,0,0,-1.0000
42,0,1,0,NEGATIVE_PEAK,-5.2964,1.0909,-12,14,0,0.2500,336.30,255.70,24.00,13.00,225.00,393.00,26.00,10.00,0.0000,176.74,0,0,0.0000,NOT_RUN,0,125,1441,0,0,0,13,0,0,0,0,-1.0000
43,0,1,0,NEGATIVE_PEAK,-8.2612,1.1053,-21,39,-29,0.2857,336.30,255.70,24.00,13.00,216.00,393.00,26.00,10.00,0.0000,182.54,0,0,0.0000,NOT_RUN,0,115,2738,0,0,0,21,0,0,0,0,-1.0000
44,0,1,1,ACCEPT,11.6945,1.3684,26,-1,-5,0.1538,335.92,254.69,24.00,13.00,215.50,395.50,25.00,9.00,0.0000,185.28,1,0,3.2977,ACCEPT,0,100,3991,2935,0,0,26,0,0,0,0,-1.0000
45,0,1,1,ACCEPT,12.4050,1.0000,17,-27,-20,0.2353,325.80,250.62,24.00,13.00,225.50,399.00,25.00,8.00,0.0000,179.09,1,6,1.2354,MAX_STEP,0,55,3376,2132,0,0,17,0,0,0,0,-1.0000
46,0,1,0,NEGATIVE_PEAK,-11.6715,1.2917,-31,-6,-19,0.6452,325.80,250.62,24.00,13.00,219.50,392.50,27.00,13.00,0.0000,177.28,0,0,0.0000,NOT_RUN,0,81,3630,0,0,0,31,0,0,0,0,-1.0000
47,0,1,1,ACCEPT,11.5781,1.3333,40,4,19,0.0250,327.30,254.48,24.00,13.00,220.00,388.50,28.00,11.00,0.0000,171.68,1,4,1.9682,MAX_STEP,0,106,3358,5387,0,0,40,0,0,0,0,-1.0000
48,0,1,1,ACCEPT,9.0954,1.1714,41,10,-10,0.1707,331.05,252.45,24.00,13.00,228.00,382.00,26.00,14.00,0.0000,165.53,1,10,1.4736,MAX_STEP,0,154,1780,7581,0,0,41,0,0,0,0,-1.0000
49,0,1,1,ACCEPT,6.8213,1.1538,15,43,-15,0.8000,347.17,249.41,24.00,13.00,223.00,378.50,24.00,11.00,0.0000,179.12,1,0,3.0405,ACCEPT,0,89,2697,2398,0,0,15,0,0,0,0,-1.0000
50,0,1,0,NEGATIVE_PEAK,-8.3641,1.0500,-21,-5,-29,0.1429,347.17,249.41,24.00,13.00,220.50,376.50,25.00,11.00,0.0000,179.44,0,0,0.0000,NOT_RUN,0,67,4786,0,0,0,21,0,0,0,0,-1.0000
51,0,1,0,NEGATIVE_PEAK,-11.2678,1.0417,-25,-1,-20,0.5600,347.17,249.41,24.00,13.00,227.00,373.50,28.00,13.00,0.0000,172.74,0,0,0.0000,NOT_RUN,0,73,5159,0,0,0,25,0,0,0,0,-1.0000
52,0,1,1,ACCEPT,8.0549,1.1250,18,6,-10,0.5556,349.42,247.38,24.00,13.00,223.00,365.00,26.00,12.00,0.0000,172.68,1,-12,2.2256,MAX_STEP,0,117,1258,4384,0,0,18,0,0,0,0,-1.0000
53,0,1,1,ACCEPT,14.9840,2.0000,22,-1,-15,0.3636,349.05,244.33,24.00,13.00,220.00,355.50,28.00,15.00,0.0000,170.33,1,-14,1.6920,MAX_STEP,0,58,1512,4080,0,0,22,0,0,0,0,-1.0000
54,0,1,0,NEGATIVE_PEAK,-7.2807,1.1333,-17,17,-20,0.4118,349.05,244.33,24.00,13.00,228.00,348.00,28.00,16.00,0.0000,159.37,0,0,0.0000,NOT_RUN,0,121,2779,0,0,0,17,0,0,0,0,-1.0000
55,0,1,0,NEGATIVE_PEAK,-9.2739,1.2941,-22,10,19,0.5455,349.05,244.33,24.00,13.00,224.50,339.50,27.00,15.00,0.0000,156.75,0,0,0.0000,NOT_RUN,0,62,2881,0,0,0,22,0,0,0,0,-1.0000
56,0,1,1,ACCEPT,8.9595,1.0000,16,6,-39,0.6250,351.30,236.41,24.00,13.00,220.00,334.50,30.00,13.00,0.0000,163.89,1,-7,1.5616,MAX_STEP,0,59,4062,2368,0,0,16,0,0,0,0,-1.0000
57,0,1,1,ACCEPT,8.9048,1.1250,18,5,-39,0.1667,353.17,228.48,24.00,13.00,226.50,329.00,27.00,12.00,0.0000,161.71,1,9,2.1442,MAX_STEP,0,64,3834,3409,0,0,18,0,0,0,0,-1.0000
58,0,1,1,ACCEPT,13.5472,1.4038,73,-3,-44,0.0274,352.05,219.55,24.00,13.00,225.00,321.00,26.00,12.00,0.0000,162.58,1,0,1.6103,LOW_CONF,0,171,6489,2979,0,0,73,0,0,0,0,-1.0000
59,0,1,1,ACCEPT,8.8714,1.0690,31,-3,-10,0.0000,350.92,217.52,24.00,13.00,219.00,314.00,26.00,10.00,0.0000,163.44,1,-15,1.6776,MAX_STEP,0,175,1940,3704,0,0,31,0,0,0,0,-1.0000
60,0,1,1,ACCEPT,7.5210,1.1429,8,53,5,0.2500,370.80,218.53,24.00,13.00,223.50,310.50,25.00,11.00,0.0000,173.65,1,9,1.4755,MAX_STEP,0,63,2091,2008,0,0,8,0,0,0,0,0.8767
61,0,1,1,ACCEPT,26.8396,2.6562,85,-11,-44,0.0824,366.67,209.59,24.00,13.00,227.00,302.50,26.00,11.00,0.0000,167.75,1,0,2.3212,ACCEPT,0,93,4105,3753,0,0,85,0,0,0,0,-1.0000
62,0,1,1,ACCEPT,12.4639,1.0426,98,29,-39,0.0918,377.55,201.67,24.00,13.00,218.50,299.50,25.00,9.00,0.0000,186.73,1,-1,1.8719,LOW_CONF,0,233,1802,11540,0,0,98,0,0,0,0,-1.0000
63,0,1,1,ACCEPT,13.1488,1.3293,218,12,-44,0.0734,382.05,192.73,24.00,13.00,223.50,293.00,25.00,10.00,0.0000,187.59,1,-4,1.7529,MAX_STEP,0,458,5542,5640,0,0,218,0,0,0,0,-1.0000
64,0,1,0,NEGATIVE_PEAK,-8.8379,1.2500,-20,-11,-28,0.3000,382.05,192.73,24.00,13.00,225.50,283.00,25.00,10.00,0.0000,180.71,0,0,0.0000,NOT_RUN,0,91,2050,0,0,0,20,0,0,0,0,-1.0000
65,0,1,0,NEGATIVE_PEAK,-12.2063,1.1916,-199,-6,-10,0.1558,382.05,192.73,24.00,13.00,221.00,272.50,24.00,13.00,0.0000,179.72,0,0,0.0000,NOT_RUN,0,511,3787,0,0,0,199,0,0,0,0,-1.0000
66,0,1,0,NEGATIVE_PEAK,-11.4995,1.4091,-155,6,-26,0.0065,382.05,192.73,24.00,13.00,226.50,267.00,25.00,10.00,0.0000,172.37,0,0,0.0000,NOT_RUN,0,478,3105,0,0,0,155,0,0,0,0,-1.0000
67,0,1,0,NEGATIVE_PEAK,-8.0502,1.0500,-42,-5,10,0.4524,382.05,192.73,24.00,13.00,233.50,260.50,23.00,11.00,0.0000,163.27,0,0,0.0000,NOT_RUN,0,212,3623,0,0,0,42,0,0,0,0,-1.0000
68,0,1,0,NEGATIVE_PEAK,-7.2924,1.0727,-59,0,-30,0.6780,382.05,192.73,24.00,13.00,228.00,258.00,24.00,12.00,0.0000,167.30,0,0,0.0000,NOT_RUN,0,244,2429,0,0,0,59,0,0,0,0,-1.0000
69,0,1,1,ACCEPT,8.5576,1.2000,36,2,-26,0.1667,382.80,187.45,24.00,13.00,230.50,257.00,23.00,10.00,0.0000,167.42,1,-15,1.5801,MAX_STEP,0,153,2830,3570,0,0,36,0,0,0,0,-1.0000
70,0,1,1,ACCEPT,10.9684,1.0238,43,11,5,0.0930,386.92,188.47,24.00,13.00,237.50,252.50,27.00,11.00,0.0000,162.56,1,-5,2.3267,MAX_STEP,0,197,1426,6662,0,0,43,0,0,0,0,-1.0000
71,0,1,1,ACCEPT,10.9275,1.3333,28,-27,-39,0.3214,376.80,180.55,24.00,13.00,232.50,244.00,27.00,12.00,0.0000,157.63,1,-6,1.0603,MAX_STEP,0,74,2419,2041,0,0,28,0,0,0,0,-1.0000
72,0,1,1,ACCEPT,13.4947,1.2083,29,11,-44,0.1379,380.92,171.61,24.00,13.00,237.50,239.50,25.00,13.00,0.0000,158.68,1,0,2.0396,ACCEPT,0,63,3054,1753,0,0,29,0,0,0,0,-1.0000
73,0,1,0,NEGATIVE_PEAK,-9.4430,1.2500,-15,-39,-5,0.3333,380.92,171.61,24.00,13.00,244.50,236.50,27.00,15.00,0.0000,151.07,0,0,0.0000,NOT_RUN,0,51,3884,0,0,0,15,0,0,0,0,-1.0000
74,0,1,0,NEGATIVE_PEAK,-12.3798,1.0756,-128,16,-19,0.1484,380.92,171.61,24.00,13.00,237.00,235.50,28.00,11.00,0.0000,157.47,0,0,0.0000,NOT_RUN,0,361,4266,0,0,0,128,0,0,0,0,-1.0000
75,0,1,0,NEGATIVE_PEAK,-14.6339,1.0286,-36,-17,-5,0.1944,380.92,171.61,24.00,13.00,238.00,236.50,26.00,13.00,0.0000,156.96,0,0,0.0000,NOT_RUN,0,75,1451,0,0,0,36,0,0,0,0,-1.0000
76,0,1,1,ACCEPT,8.5135,1.0000,31,5,-20,0.2258,382.80,167.55,23.08,12.50,242.00,235.00,26.00,10.00,0.0000,156.12,1,-1,2.0611,ACCEPT,0,173,492,15832,0,0,31,0,0,0,0,-1.0000
77,0,1,1,ACCEPT,11.5468,1.2119,143,3,-22,0.0909,383.88,163.25,23.08,12.50,234.50,227.00,29.00,12.00,0.0000,162.41,1,-10,1.8231,MAX_STEP,0,386,1173,8777,0,0,143,0,0,0,0,-1.0000
78,0,1,1,ACCEPT,10.1671,1.0706,91,15,-22,0.0879,389.27,158.95,23.08,12.50,225.00,225.50,18.00,15.00,0.0000,177.23,1,14,2.0613,MAX_STEP,0,339,7120,965,0,0,91,0,0,0,0,-1.0000
79,0,1,0,NEGATIVE_PEAK,-7.1132,1.0417,-25,1,-2,0.5600,389.27,158.95,23.08,12.50,235.00,226.50,28.00,13.00,0.0000,168.41,0,0,0.0000,NOT_RUN,0,99,5300,0,0,0,25,0,0,0,0,-1.0000
80,0,1,1,ACCEPT,9.5660,1.0175,116,22,4,0.0345,397.17,159.73,23.08,12.50,229.50,229.00,27.00,12.00,0.0000,181.42,1,2,1.6614,LOW_CONF,0,430,2352,7628,0,0,116,0,0,0,0,0.9073
81,0,1,1,ACCEPT,10.2212,1.2387,192,9,-17,0.0312,400.41,156.41,23.08,12.50,227.50,235.00,25.00,12.00,0.0000,189.93,1,-13,2.1086,MAX_STEP,0,597,1173,11500,0,0,192,0,0,0,0,-1.0000
82,0,1,1,ACCEPT,10.1716,1.3520,265,9,-12,0.2151,403.64,154.07,23.08,12.50,236.50,236.00,27.00,12.00,0.0000,186.14,1,-4,2.1587,MAX_STEP,0,1013,767,17280,0,0,265,0,0,0,0,-1.0000
83,0,1,1,ACCEPT,7.8916,1.0597,71,26,13,0.0423,412.98,156.61,21.34,11.56,230.50,236.50,27.00,13.00,0.0000,199.21,1,-2,2.1917,ACCEPT,0,316,1582,2957,0,0,71,0,0,0,0,-1.0000
84,0,1,1,ACCEPT,8.9811,1.0000,64,-24,-27,0.2969,404.92,151.76,21.34,11.56,225.00,234.50,26.00,11.00,0.0000,198.04,1,-8,1.5973,MAX_STEP,0,190,3928,1507,0,0,64,0,0,0,0,-1.0000
85,0,1,0,NEGATIVE_PEAK,-6.0729,1.0000,-4,0,0,1.0000,404.92,151.76,21.34,11.56,233.00,232.00,28.00,12.00,0.0000,189.73,0,0,0.0000,NOT_RUN,0,19,2205,0,0,0,5,0,0,0,0,-1.0000
86,0,1,1,ACCEPT,18.4800,1.9205,169,-7,-22,0.0355,402.57,147.80,21.34,11.56,226.50,230.50,27.00,11.00,0.0000,194.52,1,-5,2.0195,MAX_STEP,0,254,2095,6834,0,0,169,0,0,0,0,-1.0000
87,0,1,1,ACCEPT,16.5350,1.2981,135,-21,-22,0.2074,395.52,143.85,21.34,11.56,220.00,230.50,26.00,13.00,0.0000,195.74,1,16,1.6079,AT_SEARCH_RAIL,0,208,4025,2132,0,0,135,0,0,0,0,-1.0000
88,0,1,1,ACCEPT,17.0364,1.5185,41,33,-23,0.1463,406.60,139.72,21.34,11.56,223.50,231.50,27.00,13.00,0.0000,204.82,1,13,1.3816,MAX_STEP,0,98,865,4019,0,0,41,0,0,0,0,-1.0000
89,0,1,1,ACCEPT,11.8841,1.3750,22,-27,-6,0.1364,397.53,138.64,21.34,11.56,213.00,227.50,26.00,13.00,0.0000,204.81,1,0,2.1864,ACCEPT,0,66,647,4300,0,0,22,0,0,0,0,-1.0000
90,0,1,0,NEGATIVE_PEAK,-7.5774,1.1111,-10,-21,0,0.9000,397.53,138.64,21.34,11.56,207.50,228.00,27.00,12.00,0.0000,209.99,0,0,0.0000,NOT_RUN,0,57,1182,0,0,0,10,0,0,0,0,-1.0000
91,0,1,1,ACCEPT,9.6728,1.2308,16,13,-45,0.0000,401.90,130.55,21.34,11.56,214.50,237.50,27.00,13.00,0.0000,215.77,1,-16,1.7384,AT_SEARCH_RAIL,0,89,1750,2440,0,0,16,0,0,0,0,-1.0000
92,0,1,1,ACCEPT,20.9365,1.3500,27,8,-45,0.1852,404.59,122.47,21.34,11.56,218.50,248.00,29.00,12.00,0.0000,224.47,1,11,1.9493,MAX_STEP,0,54,2217,1778,0,0,27,0,0,0,0,-1.0000
93,0,1,1,ACCEPT,17.6783,1.8000,27,-10,-39,0.1852,401.23,115.46,21.34,11.56,214.00,261.00,26.00,12.00,0.0000,237.14,1,16,1.3146,AT_SEARCH_RAIL,0,72,916,2620,0,0,27,0,0,0,0,-1.0000
94,0,1,1,ACCEPT,16.7269,1.3333,36,-15,-39,0.0833,396.19,108.45,21.34,11.56,223.00,272.50,26.00,11.00,0.0000,238.55,1,10,1.8273,MAX_STEP,0,76,1707,2614,0,0,36,0,0,0,0,-1.0000
95,0,1,0,NEGATIVE_PEAK,-8.7077,1.0909,-12,19,-6,0.2500,396.19,108.45,21.34,11.56,225.00,279.50,26.00,11.00,0.0000,242.00,0,0,0.0000,NOT_RUN,0,68,673,0,0,0,12,0,0,0,0,-1.0000
96,0,1,0,NEGATIVE_PEAK,-13.0479,1.2632,-24,24,-1,0.2500,396.19,108.45,21.34,11.56,219.00,283.50,24.00,11.00,0.0000,249.07,0,0,0.0000,NOT_RUN,0,80,785,0,0,0,24,0,0,0,0,-1.0000
97,0,1,1,ACCEPT,12.7212,1.0741,29,15,-6,0.3103,401.23,107.38,21.34,11.56,222.50,293.00,27.00,10.00,0.0000,257.68,1,0,3.2131,ACCEPT,0,108,856,3417,0,0,29,0,0,0,0,-1.0000
98,0,1,0,NEGATIVE_PEAK,-10.0841,1.0000,-13,17,0,0.3846,401.23,107.38,21.34,11.56,226.00,305.00,24.00,10.00,0.0000,264.12,0,0,0.0000,NOT_RUN,0,61,2293,0,0,0,14,0,0,0,0,-1.0000
99,0,1,1,ACCEPT,16.4699,1.8182,20,13,-45,0.3000,405.59,99.29,21.34,11.56,218.50,316.50,25.00,11.00,0.0000,286.68,1,-14,1.3598,MAX_STEP,0,48,2442,1122,0,0,20,0,0,0,0,-1.0000
100,0,1,1,ACCEPT,7.9969,1.0000,5,-13,-45,0.8000,401.23,91.20,21.34,11.56,217.50,322.00,25.00,10.00,0.0000,295.00,1,5,2.0302,MAX_STEP,0,28,1880,1023,0,0,6,0,0,0,0,0.9406
0,0,0,0,ZERO_RESPONSE,0.0000,0.0000,0,0,0,0.0000,220.50,376.50,25.00,11.00,220.50,376.50,25.00,11.00,1.0000,0.00,1,0,0.0000,NOT_RUN,0,0,3848,3801,1,50,0,0,0,0,0,-1.0000
1,0,1,1,ACCEPT,7.0566,1.0000,11,15,-23,0.5455,226.36,372.55,25.00,11.00,227.00,373.50,28.00,13.00,0.7555,1.15,1,0,3.2099,ACCEPT,0,61,2989,7675,1,50,11,0,0,0,0,0.4221
2,0,1,1,ACCEPT,8.9184,1.2703,47,-7,-41,0.1915,223.62,365.50,25.00,11.00,223.00,365.00,26.00,12.00,0.8732,0.80,1,0,2.9102,ACCEPT,0,165,2789,8775,1,50,47,0,0,0,0,0.4148
3,0,1,1,ACCEPT,6.2767,1.2333,37,2,-46,0.1622,224.41,357.59,25.00,11.00,220.00,355.50,28.00,15.00,0.5307,4.88,1,-10,1.9051,MAX_STEP,0,151,2676,12113,1,50,37,0,0,0,0,0.4495
4,0,1,1,ACCEPT,7.2668,1.1000,66,23,-46,0.1515,233.39,349.69,25.00,11.00,228.00,348.00,28.00,16.00,0.4731,5.65,1,15,1.1367,MAX_STEP,0,262,2059,7594,1,50,66,0,0,0,0,0.4499
5,0,1,1,ACCEPT,13.6622,1.9667,118,-5,-46,0.0763,231.44,341.78,25.00,11.00,224.50,339.50,27.00,15.00,0.4296,7.30,1,-5,0.9234,MAX_STEP,0,220,1803,8609,1,50,118,0,0,0,0,0.4367
6,0,1,1,ACCEPT,7.0628,1.1512,99,10,-52,0.3636,235.34,332.84,25.00,11.00,220.00,334.50,30.00,13.00,0.2332,15.43,1,0,3.1297,ACCEPT,0,389,2047,7767,1,50,99,0,0,0,0,-1.0000
7,0,1,1,ACCEPT,6.8346,1.2111,109,-23,-23,0.0826,226.36,328.89,25.00,11.00,226.50,329.00,27.00,12.00,0.8488,0.18,1,0,3.1550,ACCEPT,0,427,3037,7534,1,50,109,0,0,0,0,-1.0000
8,0,1,1,ACCEPT,5.9983,1.0526,60,-3,-46,0.1667,225.19,320.98,25.00,11.00,225.00,321.00,26.00,12.00,0.8814,0.19,1,0,3.1834,ACCEPT,0,496,2104,7523,1,50,60,0,0,0,0,-1.0000
9,0,1,0,NEGATIVE_PEAK,-7.2066,1.3878,-68,3,-50,0.0588,225.19,320.98,25.00,11.00,219.00,314.00,26.00,10.00,0.1454,9.33,0,0,0.0000,NOT_RUN,0,329,1971,0,1,50,68,0,0,0,0,-1.0000
10,0,1,0,NEGATIVE_PEAK,-7.2138,1.1905,-50,11,-20,0.1000,225.19,320.98,25.00,11.00,223.50,310.50,25.00,11.00,0.0223,10.62,0,0,0.0000,NOT_RUN,0,236,1695,0,1,50,50,0,0,0,0,-1.0000
11,0,1,1,ACCEPT,7.1098,1.1538,30,-2,-35,0.2333,224.41,314.97,25.00,11.00,227.00,302.50,26.00,11.00,0.0000,12.74,1,-5,1.1752,MAX_STEP,0,158,282,19418,1,50,30,0,0,0,0,-1.0000
12,0,1,1,ACCEPT,8.2892,1.1600,29,-2,-47,0.3103,223.62,306.89,25.00,11.00,218.50,299.50,25.00,9.00,0.1157,8.99,1,-4,1.3506,MAX_STEP,0,139,301,18722,1,50,29,0,0,0,0,-1.0000
13,0,1,1,ACCEPT,7.9568,1.0000,31,15,-11,0.1935,229.48,305.00,25.00,11.00,223.50,293.00,25.00,10.00,0.0000,13.41,1,14,1.6497,MAX_STEP,0,157,599,16150,1,50,31,0,0,0,0,-1.0000
14,0,1,0,NEGATIVE_PEAK,-5.1032,1.1818,-13,-6,-43,0.3077,229.48,305.00,25.00,11.00,225.50,283.00,25.00,10.00,0.0000,22.36,0,0,0.0000,NOT_RUN,0,105,2102,0,1,50,13,0,0,0,0,-1.0000
15,0,1,1,ACCEPT,11.9121,1.2889,58,-17,-41,0.1379,222.84,297.95,25.00,11.00,221.00,272.50,24.00,13.00,0.0000,25.52,1,14,1.4614,MAX_STEP,0,217,2285,6419,1,50,58,0,0,0,0,-1.0000
16,0,1,1,ACCEPT,10.8804,1.7778,64,-2,-17,0.1562,222.06,295.03,25.00,11.00,226.50,267.00,25.00,10.00,0.0000,28.38,1,0,3.2991,ACCEPT,0,203,1951,8486,1,50,64,0,0,0,0,-1.0000
17,0,1,1,ACCEPT,7.4067,1.2308,64,-6,-59,0.1250,219.72,284.89,25.00,11.00,233.50,260.50,23.00,11.00,0.0000,28.01,1,0,2.5964,ACCEPT,0,505,2365,9589,1,50,64,0,0,0,0,-1.0000
18,0,1,1,ACCEPT,7.7144,1.0625,85,1,-6,0.3176,220.11,283.86,25.00,11.00,228.00,258.00,24.00,12.00,0.0000,27.04,1,0,3.2818,ACCEPT,0,273,1535,14717,1,50,85,0,0,0,0,-1.0000
19,0,1,1,ACCEPT,6.8398,1.2222,55,6,-36,0.3091,222.45,277.67,25.00,11.00,230.50,257.00,23.00,10.00,0.0000,22.18,1,0,3.4339,ACCEPT,0,361,1772,6547,1,50,55,0,0,0,0,-1.0000
20,0,1,1,ACCEPT,10.1691,1.1579,66,30,-24,0.3788,234.17,273.55,25.00,11.00,237.50,252.50,27.00,11.00,0.0000,21.31,1,-15,1.4369,MAX_STEP,0,252,1425,7320,1,50,66,0,0,0,0,0.3934
21,0,1,1,ACCEPT,6.6886,1.0217,47,12,-52,0.2128,238.86,264.61,25.00,11.00,232.50,244.00,27.00,12.00,0.0000,21.57,1,7,1.7717,MAX_STEP,0,330,1433,10007,1,50,47,0,0,0,0,-1.0000
22,0,1,1,ACCEPT,10.9009,1.1591,102,7,-6,0.0294,241.59,263.58,25.00,11.00,237.50,239.50,25.00,13.00,0.0000,24.42,1,-12,1.5152,MAX_STEP,0,391,2711,4315,1,50,102,0,0,0,0,-1.0000
23,0,1,1,ACCEPT,10.3089,1.3538,88,1,-40,0.1477,241.98,256.70,25.00,11.00,244.50,236.50,27.00,15.00,0.0000,20.36,1,5,1.6127,MAX_STEP,0,430,2559,7291,1,50,88,0,0,0,0,-1.0000
24,0,1,1,ACCEPT,9.4241,1.3621,79,21,-58,0.1266,250.19,246.73,25.00,11.00,237.00,235.50,28.00,11.00,0.0000,17.32,1,0,2.4136,ACCEPT,0,347,2439,6533,1,50,79,0,0,0,0,-1.0000
25,0,1,1,ACCEPT,9.8580,1.1818,91,0,-58,0.0110,250.19,236.77,25.00,11.00,238.00,236.50,26.00,13.00,0.3139,12.19,1,-7,0.9578,MAX_STEP,0,209,1522,5786,1,50,91,0,0,0,0,-1.0000
26,0,1,1,ACCEPT,7.4529,1.0405,77,-20,-11,0.2208,242.38,234.88,25.00,11.00,242.00,235.00,26.00,10.00,0.8772,0.40,1,0,3.2696,ACCEPT,0,281,3362,3088,1,50,77,0,0,0,0,-1.0000
27,0,1,1,ACCEPT,9.5762,1.2195,50,39,-53,0.1600,257.61,225.77,25.00,11.00,234.50,227.00,29.00,12.00,0.0685,23.14,1,-5,1.9761,MAX_STEP,0,190,1877,3187,1,50,50,0,0,0,0,-1.0000
28,0,1,1,ACCEPT,16.3438,2.0556,148,22,-41,0.1959,266.20,218.72,25.00,11.00,225.00,225.50,18.00,15.00,0.0000,41.76,1,0,2.1255,ACCEPT,0,256,1589,5705,1,50,148,0,0,0,0,-1.0000
29,0,1,1,ACCEPT,6.4789,1.2308,32,-11,-52,0.2188,261.91,209.78,25.00,11.00,235.00,226.50,28.00,13.00,0.0000,31.68,1,-3,2.4173,MAX_STEP,0,195,1562,3316,1,50,32,0,0,0,0,-1.0000
30,0,1,1,ACCEPT,8.5785,1.1471,39,11,-42,0.3333,266.20,202.56,25.00,11.00,229.50,229.00,27.00,12.00,0.0000,45.23,1,0,3.1209,ACCEPT,0,177,4449,2147,1,50,39,0,0,0,0,-1.0000
31,0,1,1,ACCEPT,11.7920,1.3036,73,13,-30,0.0137,271.28,197.41,25.00,11.00,227.50,235.00,25.00,12.00,0.0000,57.71,1,11,1.1377,MAX_STEP,0,202,5612,1763,1,50,73,0,0,0,0,-1.0000
32,0,1,1,ACCEPT,16.1382,2.0333,61,29,-18,0.0984,282.61,194.31,24.04,10.58,236.50,236.00,27.00,12.00,0.0000,62.16,1,-1,2.3272,ACCEPT,0,185,4637,1274,1,50,61,0,0,0,0,-1.0000
33,0,1,0,NEGATIVE_PEAK,-5.9443,1.0000,-16,29,-7,0.0000,282.61,194.31,24.04,10.58,230.50,236.50,27.00,13.00,0.0000,67.05,0,0,0.0000,NOT_RUN,0,84,5468,0,1,50,16,0,0,0,0,-1.0000
34,0,1,1,ACCEPT,22.4770,2.0723,172,5,-62,0.1047,284.48,184.14,24.04,10.58,225.00,234.50,26.00,11.00,0.0000,77.94,1,0,2.9383,ACCEPT,0,244,7704,2302,1,50,172,0,0,0,0,-1.0000
35,0,1,1,ACCEPT,10.9869,1.3580,110,17,-38,0.0909,290.86,177.91,24.04,10.58,233.00,232.00,28.00,12.00,0.0000,79.21,1,-4,2.5501,MAX_STEP,0,552,8864,1186,1,50,110,0,0,0,0,-1.0000
36,0,1,1,ACCEPT,9.5895,1.0769,28,39,-8,0.1429,305.48,176.59,24.04,10.58,226.50,230.50,27.00,11.00,0.0000,95.63,1,-14,1.8220,MAX_STEP,0,94,2906,1965,1,50,28,0,0,0,0,-1.0000
37,0,1,1,ACCEPT,12.9935,1.0308,67,-3,-44,0.0746,304.36,169.38,24.04,10.58,220.00,230.50,26.00,13.00,0.0000,104.18,1,11,1.6579,MAX_STEP,0,129,1670,3352,1,50,67,0,0,0,0,-1.0000
38,0,1,1,ACCEPT,10.3962,1.0000,47,14,-38,0.2128,309.61,163.14,24.04,10.58,223.50,231.50,27.00,13.00,0.0000,109.94,1,0,2.5906,ACCEPT,0,113,1107,5074,1,50,47,0,0,0,0,-1.0000
39,0,1,1,ACCEPT,26.4040,2.1622,80,-1,-1,0.4875,309.23,162.98,24.04,10.58,213.00,227.50,26.00,13.00,0.0000,115.86,1,0,2.7156,ACCEPT,0,127,1852,3124,1,50,80,0,0,0,0,-1.0000
40,0,1,0,NEGATIVE_PEAK,-6.3745,1.2500,-10,20,-9,0.6000,309.23,162.98,24.04,10.58,207.50,228.00,27.00,12.00,0.0000,120.74,0,0,0.0000,NOT_RUN,0,90,4693,0,1,50,10,0,0,0,0,-1.0000
41,0,1,1,ACCEPT,8.9441,1.4545,16,43,-33,0.4375,325.36,157.56,24.04,10.58,214.50,237.50,27.00,13.00,0.0000,136.67,1,0,2.2715,ACCEPT,0,65,3958,719,1,50,16,0,0,0,0,-1.0000
42,0,1,1,ACCEPT,12.2900,1.2031,77,23,-26,0.2597,333.98,153.30,24.04,10.58,218.50,248.00,29.00,12.00,0.0000,149.35,1,0,2.3980,ACCEPT,0,236,2935,4426,1,50,77,0,0,0,0,-1.0000
43,0,1,1,ACCEPT,9.7509,1.4667,22,2,-44,0.0909,334.73,146.08,24.04,10.58,214.00,261.00,26.00,12.00,0.0000,166.68,1,0,3.1855,ACCEPT,0,112,4001,860,1,50,22,0,0,0,0,-1.0000
44,0,1,1,ACCEPT,17.6557,1.7000,17,43,-2,0.3529,350.86,145.75,24.04,10.58,223.00,272.50,26.00,11.00,0.0000,180.04,1,2,1.7655,LOW_CONF,0,41,2543,1221,1,50,17,0,0,0,0,-1.0000
45,0,1,0,NEGATIVE_PEAK,-7.2260,1.0000,-7,5,-3,0.8571,350.86,145.75,24.04,10.58,225.00,279.50,26.00,11.00,0.0000,183.66,0,0,0.0000,NOT_RUN,0,31,3099,0,1,50,8,0,0,0,0,-1.0000
46,0,1,0,NEGATIVE_PEAK,-8.4669,1.1429,-8,17,-51,0.6250,350.86,145.75,24.04,10.58,219.00,283.50,24.00,11.00,0.0000,190.69,0,0,0.0000,NOT_RUN,0,33,3060,0,1,50,8,0,0,0,0,-1.0000
47,0,1,0,NEGATIVE_PEAK,-5.6801,1.0000,-5,0,0,1.0000,350.86,145.75,24.04,10.58,222.50,293.00,27.00,10.00,0.0000,195.34,0,0,0.0000,NOT_RUN,0,37,2489,0,1,50,6,0,0,0,0,-1.0000
48,0,1,0,NEGATIVE_PEAK,-8.6401,1.1429,-8,3,-7,0.3750,350.86,145.75,24.04,10.58,226.00,305.00,24.00,10.00,0.0000,202.36,0,0,0.0000,NOT_RUN,0,36,1599,0,1,50,8,0,0,0,0,-1.0000
49,0,1,1,ACCEPT,11.7747,1.3333,8,-5,-51,0.5000,348.98,137.38,24.04,10.58,218.50,316.50,25.00,11.00,0.0000,221.61,1,-12,1.5578,MAX_STEP,0,29,1507,1287,1,50,8,0,0,0,0,-1.0000
50,0,1,1,ACCEPT,12.8726,1.3333,8,-7,-45,0.6250,346.36,130.00,24.04,10.58,217.50,322.00,25.00,10.00,0.0000,231.23,1,-15,1.5978,MAX_STEP,0,21,1512,1382,1,50,8,0,0,0,0,-1.0000
0,0,0,0,ZERO_RESPONSE,0.0000,0.0000,0,0,0,0.0000,217.50,322.00,25.00,10.00,217.50,322.00,25.00,10.00,1.0000,0.00,1,0,0.0000,NOT_RUN,0,0,2283,5234,2,100,0,0,0,0,0,-1.0000
1,0,1,1,ACCEPT,26.6828,3.9091,43,1,-32,0.0930,217.89,317.00,25.00,10.00,218.50,316.50,25.00,11.00,0.8677,0.79,1,0,3.3470,ACCEPT,0,59,3441,2433,2,100,43,0,0,0,0,0.5643
2,0,1,0,NEGATIVE_PEAK,-5.0377,1.3333,-8,-3,0,0.2500,217.89,317.00,25.00,10.00,226.00,305.00,24.00,10.00,0.0000,14.48,0,0,0.0000,NOT_RUN,0,147,9287,0,2,100,8,0,0,0,0,-1.0000
3,0,1,1,ACCEPT,7.0033,1.3636,15,8,-39,0.4000,221.02,310.91,25.00,10.00,222.50,293.00,27.00,10.00,0.0000,17.97,1,0,3.1103,ACCEPT,0,144,6596,1202,2,100,15,0,0,0,0,0.6325
4,0,1,1,ACCEPT,8.9945,1.3750,33,13,-31,0.4848,226.09,306.06,27.04,10.82,219.00,283.50,24.00,11.00,0.0000,23.65,1,2,2.3922,ACCEPT,0,134,1977,5728,2,100,33,0,0,0,0,0.6933
5,0,1,0,NEGATIVE_PEAK,-4.0829,1.0000,-12,27,-23,0.4167,226.09,306.06,27.04,10.82,225.00,279.50,26.00,11.00,0.0000,26.59,0,0,0.0000,NOT_RUN,0,121,5036,0,2,100,12,0,0,0,0,-1.0000
6,0,1,1,ACCEPT,5.3384,1.3636,15,-17,-13,0.3333,218.92,303.83,27.04,10.82,223.00,272.50,26.00,11.00,0.0000,31.59,1,0,2.5371,ACCEPT,0,125,5222,1280,2,100,15,0,0,0,0,-1.0000
7,0,1,0,NEGATIVE_PEAK,-5.1037,1.0000,-5,33,0,0.4000,218.92,303.83,27.04,10.82,214.00,261.00,26.00,12.00,0.0000,43.11,0,0,0.0000,NOT_RUN,0,42,7582,0,2,100,6,0,0,0,0,-1.0000
8,0,1,0,NEGATIVE_PEAK,-4.8865,1.0000,-5,-15,0,0.6000,218.92,303.83,27.04,10.82,218.50,248.00,29.00,12.00,0.0000,55.83,0,0,0.0000,NOT_RUN,0,50,7339,0,2,100,5,0,0,0,0,-1.0000
9,0,1,0,NEGATIVE_PEAK,-4.7442,1.0000,-4,-26,0,0.5000,218.92,303.83,27.04,10.82,214.50,237.50,27.00,13.00,0.0000,66.48,0,0,0.0000,NOT_RUN,0,38,7013,0,2,100,5,0,0,0,0,-1.0000
10,0,1,0,NEGATIVE_PEAK,-7.0309,1.1667,-7,36,-9,0.4286,218.92,303.83,27.04,10.82,207.50,228.00,27.00,12.00,0.0000,76.68,0,0,0.0000,NOT_RUN,0,38,6304,0,2,100,7,0,0,0,0,-1.0000
11,0,1,1,ACCEPT,9.8381,1.0833,13,21,-42,0.0769,227.78,296.61,27.04,10.82,213.00,227.50,26.00,13.00,0.0000,70.67,1,0,1.5269,LOW_CONF,0,44,6257,1517,2,100,13,0,0,0,0,-1.0000
12,0,1,1,ACCEPT,9.7377,1.1852,32,-5,-13,0.0312,225.67,294.38,27.04,10.82,223.50,231.50,27.00,13.00,0.0000,62.91,1,3,2.2234,MAX_STEP,0,152,5759,3321,2,100,32,0,0,0,0,-1.0000
13,0,1,0,NEGATIVE_PEAK,-6.5979,1.0000,-8,2,0,0.8750,225.67,294.38,27.04,10.82,220.00,230.50,26.00,13.00,0.0000,64.13,0,0,0.0000,NOT_RUN,0,37,5390,0,2,100,9,0,0,0,0,-1.0000
14,0,1,0,NEGATIVE_PEAK,-7.6378,1.0909,-12,9,-19,0.7500,225.67,294.38,27.04,10.82,226.50,230.50,27.00,11.00,0.0000,63.88,0,0,0.0000,NOT_RUN,0,49,4826,0,2,100,12,0,0,0,0,-1.0000
15,0,1,1,ACCEPT,6.6424,1.0571,37,-15,-36,0.7838,219.34,288.19,26.00,10.40,233.00,232.00,28.00,12.00,0.0000,57.82,1,-1,2.0554,ACCEPT,0,263,3591,4857,2,100,37,0,0,0,0,-1.0000
16,0,1,0,NEGATIVE_PEAK,-8.5360,1.1429,-56,-2,9,0.1071,219.34,288.19,26.00,10.40,225.00,234.50,26.00,11.00,0.0000,53.98,0,0,0.0000,NOT_RUN,0,208,1797,0,2,100,56,0,0,0,0,-1.0000
17,0,1,1,ACCEPT,6.9082,1.1667,42,-3,3,0.2619,218.12,288.68,26.00,10.40,230.50,236.50,27.00,13.00,0.0000,53.63,1,0,3.2762,ACCEPT,0,178,2612,5696,2,100,42,0,0,0,0,-1.0000
18,0,1,1,ACCEPT,10.4216,1.3030,43,20,-27,0.0698,226.25,284.25,26.00,10.40,236.50,236.00,27.00,12.00,0.0000,49.33,1,16,1.5650,AT_SEARCH_RAIL,0,115,5701,2030,2,100,43,0,0,0,0,-1.0000
19,0,1,1,ACCEPT,8.9183,1.0400,130,0,-34,0.0231,226.25,278.67,26.00,10.40,227.50,235.00,25.00,12.00,0.0000,43.69,1,0,2.6954,ACCEPT,0,431,3783,8465,2,100,130,0,0,0,0,-1.0000
20,0,1,1,ACCEPT,10.6436,1.3404,126,-8,-4,0.2381,223.00,278.02,26.00,10.40,229.50,229.00,27.00,12.00,0.0000,49.44,1,3,1.6687,MAX_STEP,0,382,482,28017,2,100,126,0,0,0,0,0.7617
21,0,1,1,ACCEPT,12.9330,1.1316,129,0,2,0.4031,223.00,278.34,28.12,11.25,235.00,226.50,28.00,13.00,0.0000,53.21,1,2,2.7943,ACCEPT,0,389,338,32414,2,100,129,0,0,0,0,-1.0000
22,0,1,1,ACCEPT,9.0671,1.3571,57,2,16,0.0877,223.88,281.09,28.12,11.25,225.00,225.50,18.00,15.00,0.0000,55.61,1,0,2.8619,ACCEPT,0,339,445,12057,2,100,57,0,0,0,0,-1.0000
23,0,1,1,ACCEPT,12.3364,1.3600,34,-20,-48,0.2941,215.12,272.84,28.12,11.25,234.50,227.00,29.00,12.00,0.0000,49.77,1,0,2.9661,ACCEPT,0,96,400,12192,2,100,34,0,0,0,0,-1.0000
24,0,1,1,ACCEPT,8.9918,1.0370,28,25,-30,0.1071,226.06,267.69,28.12,11.25,242.00,235.00,26.00,10.00,0.0000,36.37,1,0,3.0920,ACCEPT,0,112,593,7166,2,100,28,0,0,0,0,-1.0000
25,0,1,1,ACCEPT,8.6333,1.1111,20,-31,5,0.2500,212.50,268.55,29.25,11.70,238.00,236.50,26.00,13.00,0.0000,40.95,1,1,2.7817,ACCEPT,0,129,1699,5310,2,100,20,0,0,0,0,-1.0000
26,0,1,1,ACCEPT,10.4232,1.2188,39,2,-43,0.2564,213.41,260.82,29.25,11.70,237.00,235.50,28.00,11.00,0.0000,34.61,1,11,1.0941,MAX_STEP,0,163,1239,5731,2,100,39,0,0,0,0,-1.0000
27,0,1,1,ACCEPT,11.4476,1.1754,67,10,1,0.1642,217.94,261.00,29.25,11.70,244.50,236.50,27.00,15.00,0.0000,36.14,1,0,3.0816,ACCEPT,0,206,533,7320,2,100,67,0,0,0,0,-1.0000
28,0,1,1,ACCEPT,8.8862,1.2800,32,-4,-16,0.3438,216.12,258.12,29.25,11.70,237.50,239.50,25.00,13.00,0.0000,28.35,1,-7,1.4579,MAX_STEP,0,112,511,6437,2,100,32,0,0,0,0,-1.0000
29,0,1,1,ACCEPT,11.5626,1.4138,41,-3,-21,0.2439,214.77,254.35,29.25,11.70,232.50,244.00,27.00,12.00,0.0239,20.53,1,16,1.3941,AT_SEARCH_RAIL,0,96,368,7255,2,100,41,0,0,0,0,-1.0000
30,0,1,1,ACCEPT,11.6281,1.0000,83,7,-9,0.0241,217.94,252.73,30.42,12.17,237.50,252.50,27.00,11.00,0.1776,19.56,1,1,2.3262,ACCEPT,0,222,884,7236,2,100,83,0,0,0,0,-1.0000
31,0,1,1,ACCEPT,13.1549,1.5424,91,-6,3,0.1978,215.08,253.30,30.42,12.17,230.50,257.00,23.00,10.00,0.1612,15.86,1,0,2.9452,ACCEPT,0,168,2550,3589,2,100,91,0,0,0,0,-1.0000
32,0,1,1,ACCEPT,12.4485,1.4390,59,-18,3,0.4068,206.50,253.86,30.42,12.17,228.00,258.00,24.00,12.00,0.0740,21.90,1,0,3.4797,ACCEPT,0,128,3636,2263,2,100,59,0,0,0,0,-1.0000
33,0,1,1,ACCEPT,11.4618,1.0500,42,15,3,0.2619,213.65,254.42,28.12,11.25,233.50,260.50,23.00,11.00,0.0533,20.76,1,-2,2.4958,ACCEPT,0,112,2817,2455,2,100,42,0,0,0,0,-1.0000
34,0,1,1,ACCEPT,9.2111,1.0417,25,-32,-7,0.1200,199.65,253.22,27.04,10.82,226.50,267.00,25.00,10.00,0.0000,30.18,1,-1,2.2252,ACCEPT,0,86,4120,1875,2,100,25,0,0,0,0,-1.0000
35,0,1,1,ACCEPT,10.3345,1.0417,50,9,0,0.5400,203.45,253.22,27.04,10.82,221.00,272.50,24.00,13.00,0.0000,26.08,1,-7,1.3037,MAX_STEP,0,155,2544,3010,2,100,50,0,0,0,0,-1.0000
36,0,1,1,ACCEPT,9.1802,1.0000,21,27,11,0.4286,214.84,255.11,27.04,10.82,225.50,283.00,25.00,10.00,0.0000,29.86,1,4,1.5253,MAX_STEP,0,75,2421,1778,2,100,21,0,0,0,0,-1.0000
37,0,1,1,ACCEPT,9.8042,1.0484,65,3,-41,0.4308,216.10,248.06,27.04,10.82,223.50,293.00,25.00,10.00,0.0000,45.54,1,0,3.3440,ACCEPT,0,235,2341,6316,2,100,65,0,0,0,0,-1.0000
38,0,1,1,ACCEPT,12.1605,1.1760,147,-13,-7,0.0204,210.62,246.86,26.00,10.40,218.50,299.50,25.00,9.00,0.0000,53.23,1,-1,2.1022,ACCEPT,0,313,2066,5620,2,100,147,0,0,0,0,-1.0000
39,0,1,1,ACCEPT,14.8424,1.3417,161,-13,-10,0.0186,205.34,245.22,26.00,10.40,227.00,302.50,26.00,11.00,0.0000,61.24,1,-1,1.4897,LOW_CONF,0,441,1403,7292,2,100,161,0,0,0,0,-1.0000
40,0,1,1,ACCEPT,9.5770,1.1200,56,0,-41,0.1071,205.34,238.49,27.04,10.82,223.50,310.50,25.00,11.00,0.0000,74.26,1,1,2.0166,ACCEPT,0,177,675,8906,2,100,56,0,0,0,0,0.9191
41,0,1,1,ACCEPT,8.9555,1.0631,118,3,-7,0.3814,206.60,237.29,27.04,10.82,219.00,314.00,26.00,10.00,0.0000,77.71,1,0,1.7306,LOW_CONF,0,399,1210,10283,2,100,118,0,0,0,0,-1.0000
42,0,1,1,ACCEPT,10.1977,1.1892,88,-30,10,0.1705,193.95,239.01,27.04,10.82,225.00,321.00,26.00,12.00,0.0000,87.68,1,-5,2.6038,MAX_STEP,0,258,1449,6117,2,100,88,0,0,0,0,-1.0000
43,0,1,1,ACCEPT,10.6410,1.0208,98,-5,-6,0.1224,191.84,237.98,28.12,11.25,226.50,329.00,27.00,12.00,0.0000,97.40,1,1,2.4510,ACCEPT,0,268,877,8760,2,100,98,0,0,0,0,-1.0000
44,0,1,1,ACCEPT,15.4566,1.4143,99,-14,-7,0.1717,185.71,236.77,28.12,11.25,220.00,334.50,30.00,13.00,0.0000,103.57,1,0,3.0585,ACCEPT,0,221,662,6481,2,100,99,0,0,0,0,-1.0000
45,0,1,1,ACCEPT,15.7501,1.0432,145,9,5,0.2828,189.65,237.63,28.12,11.25,224.50,339.50,27.00,15.00,0.0000,107.66,1,0,2.7092,ACCEPT,0,340,531,7825,2,100,145,0,0,0,0,-1.0000
46,0,1,1,ACCEPT,8.9532,1.0000,30,6,-13,0.4000,192.27,235.40,27.04,10.82,228.00,348.00,28.00,16.00,0.0000,118.13,1,-1,2.6571,ACCEPT,0,157,1112,4948,2,100,30,0,0,0,0,-1.0000
47,0,1,0,NEGATIVE_PEAK,-6.8431,1.2000,-6,15,0,0.8333,192.27,235.40,27.04,10.82,220.00,355.50,28.00,15.00,0.0000,123.26,0,0,0.0000,NOT_RUN,0,30,9248,0,2,100,7,0,0,0,0,-1.0000
48,0,1,0,NEGATIVE_PEAK,-7.9367,1.2000,-6,0,0,1.0000,192.27,235.40,27.04,10.82,223.00,365.00,26.00,12.00,0.0000,133.19,0,0,0.0000,NOT_RUN,0,27,9309,0,2,100,7,0,0,0,0,-1.0000
49,0,1,0,NEGATIVE_PEAK,-7.3034,1.2000,-6,6,0,0.8333,192.27,235.40,27.04,10.82,227.00,373.50,28.00,13.00,0.0000,142.40,0,0,0.0000,NOT_RUN,0,30,7601,0,2,100,7,0,0,0,0,-1.0000
50,0,1,1,ACCEPT,10.9456,1.0519,81,26,-13,0.0370,203.24,233.16,26.00,10.40,220.50,376.50,25.00,11.00,0.0000,144.37,1,-1,2.4966,ACCEPT,0,194,6101,2116,2,100,81,0,0,0,0,-1.0000
51,0,1,1,ACCEPT,21.9632,2.1134,205,-19,-4,0.0195,195.52,232.51,26.00,10.40,223.00,378.50,24.00,11.00,0.0000,148.56,1,-1,1.6489,LOW_CONF,0,366,1472,5072,2,100,205,0,0,0,0,-1.0000
52,0,1,0,NEGATIVE_PEAK,-6.1395,1.0000,-4,0,0,1.0000,195.52,232.51,26.00,10.40,228.00,382.00,26.00,14.00,0.0000,152.98,0,0,0.0000,NOT_RUN,0,14,9641,0,2,100,6,0,0,0,0,-1.0000
53,0,1,1,ACCEPT,13.7005,1.1875,19,-9,-40,0.3158,191.87,225.95,26.00,10.40,220.00,388.50,28.00,11.00,0.0000,164.97,1,0,2.6607,ACCEPT,0,83,7347,349,2,100,19,0,0,0,0,-1.0000
54,0,1,1,ACCEPT,14.2823,1.1795,138,-11,14,0.0217,187.40,228.24,26.00,10.40,219.50,392.50,27.00,13.00,0.0000,167.37,1,0,2.0369,ACCEPT,0,294,2522,5313,2,100,138,0,0,0,0,-1.0000
55,0,1,1,ACCEPT,20.5396,2.3026,175,-19,-4,0.1029,179.68,227.59,26.00,10.40,225.50,399.00,25.00,8.00,0.0000,177.43,1,6,2.0394,MAX_STEP,0,268,2437,3982,2,100,175,0,0,0,0,-1.0000
56,0,1,1,ACCEPT,17.4669,1.3261,61,-17,21,0.2131,172.77,231.03,26.00,10.40,215.50,395.50,25.00,9.00,0.0000,169.93,1,8,1.2656,MAX_STEP,0,106,1261,4052,2,100,61,0,0,0,0,-1.0000
57,0,1,1,ACCEPT,13.3646,1.1944,43,0,27,0.1628,172.77,235.46,26.00,10.40,216.00,393.00,26.00,10.00,0.0000,163.36,1,7,1.8434,MAX_STEP,0,113,1014,4371,2,100,43,0,0,0,0,-1.0000
58,0,1,1,ACCEPT,8.7885,1.1304,26,-24,2,0.1538,163.02,235.79,28.12,11.25,225.00,393.00,26.00,10.00,0.0000,168.99,1,2,2.4651,ACCEPT,0,74,1171,4011,2,100,26,0,0,0,0,-1.0000
59,0,1,1,ACCEPT,25.7788,3.2812,105,-14,-7,0.0476,156.90,234.59,28.12,11.25,219.00,393.50,26.00,11.00,0.0000,170.62,1,0,2.7102,ACCEPT,0,109,1204,5769,2,100,105,0,0,0,0,-1.0000
60,0,1,1,ACCEPT,8.8442,1.1220,46,26,-19,0.5652,168.27,231.32,30.42,12.17,218.00,393.50,26.00,11.00,0.0000,169.63,1,2,2.1902,ACCEPT,0,145,1079,5095,2,100,46,0,0,0,0,0.9468
61,0,1,1,ACCEPT,22.3513,1.6914,137,20,-17,0.0730,177.80,228.13,29.25,11.70,227.50,395.00,25.00,10.00,0.0000,174.11,1,-1,2.4522,ACCEPT,0,189,1388,6474,2,100,137,0,0,0,0,-1.0000
62,0,1,1,ACCEPT,11.0285,1.0161,126,-3,18,0.0317,176.45,231.37,28.12,11.25,220.00,394.50,26.00,11.00,0.0000,168.85,1,-1,2.1877,ACCEPT,0,429,2910,3339,2,100,126,0,0,0,0,-1.0000
63,0,1,1,ACCEPT,18.9383,1.2913,133,-6,17,0.1203,173.82,234.29,28.12,11.25,218.50,393.50,27.00,11.00,0.0000,165.36,1,-1,1.9577,LOW_CONF,0,297,1822,4635,2,100,133,0,0,0,0,-1.0000
64,0,1,1,ACCEPT,17.6219,1.5543,143,-25,-24,0.0909,162.88,230.16,28.12,11.25,224.00,392.50,26.00,9.00,0.0000,173.46,1,0,3.1436,ACCEPT,0,445,2534,1950,2,100,143,0,0,0,0,-1.0000
65,0,1,1,ACCEPT,8.3207,1.0385,27,0,-19,0.4815,162.88,226.90,28.12,11.25,219.00,389.00,28.00,12.00,0.0000,171.54,1,11,2.3967,MAX_STEP,0,108,3973,783,2,100,27,0,0,0,0,-1.0000
66,0,1,1,ACCEPT,19.1676,1.8980,93,-9,5,0.0968,158.95,227.76,28.12,11.25,215.00,384.50,26.00,11.00,0.0000,166.46,1,0,3.2057,ACCEPT,0,133,2650,2673,2,100,93,0,0,0,0,-1.0000
67,0,1,1,ACCEPT,29.8707,2.8194,203,4,-1,0.2709,160.70,227.59,27.04,10.82,219.00,384.00,26.00,10.00,0.0000,166.93,1,-1,2.7064,ACCEPT,0,258,1881,3787,2,100,203,0,0,0,0,-1.0000
68,0,1,1,ACCEPT,11.3961,1.2292,59,-18,5,0.1356,153.10,228.45,27.04,10.82,213.50,382.50,27.00,11.00,0.0000,165.47,1,-6,2.1966,MAX_STEP,0,163,5175,749,2,100,59,0,0,0,0,-1.0000
69,0,1,1,ACCEPT,17.3758,1.4524,61,-10,5,0.1475,148.88,229.30,28.12,11.25,210.00,377.50,28.00,11.00,0.0000,160.30,1,1,3.1525,ACCEPT,0,91,2496,1379,2,100,61,0,0,0,0,-1.0000
70,0,1,1,ACCEPT,12.4019,1.0115,88,-6,-1,0.5682,146.26,229.13,27.04,10.82,214.50,375.00,27.00,10.00,0.0000,161.04,1,-1,2.7048,ACCEPT,0,308,2526,2902,2,100,88,0,0,0,0,-1.0000
71,0,1,1,ACCEPT,15.8225,1.3214,74,-9,-13,0.1216,142.46,226.90,27.04,10.82,210.00,369.50,28.00,11.00,0.0000,157.79,1,-1,1.6567,LOW_CONF,0,139,1761,4117,2,100,74,0,0,0,0,-1.0000
72,0,1,1,ACCEPT,12.2887,1.0156,65,-5,16,0.1846,140.35,229.65,27.04,10.82,206.50,363.50,27.00,11.00,0.0000,149.30,1,0,3.1183,ACCEPT,0,143,869,6091,2,100,65,0,0,0,0,-1.0000
73,0,1,1,ACCEPT,17.1449,1.2833,77,-3,-1,0.5065,139.09,229.48,27.04,10.82,213.50,361.50,27.00,11.00,0.0000,151.55,1,0,3.0953,ACCEPT,0,149,1000,5181,2,100,77,0,0,0,0,-1.0000
74,0,1,1,ACCEPT,28.5312,2.2586,131,-2,-12,0.3359,138.24,227.41,27.04,10.82,214.00,353.00,24.00,10.00,0.0000,146.67,1,0,2.7532,ACCEPT,0,136,1146,4288,2,100,131,0,0,0,0,-1.0000
75,0,1,1,ACCEPT,23.6642,1.4494,129,-2,-13,0.3256,137.40,225.18,25.00,10.00,210.50,341.50,25.00,11.00,0.0000,137.38,1,-2,2.1286,ACCEPT,0,180,1116,5347,2,100,129,0,0,0,0,-1.0000
76,0,1,1,ACCEPT,19.4762,1.1075,103,-2,-7,0.2718,136.62,224.09,25.00,10.00,213.50,333.00,27.00,12.00,0.0000,133.32,1,0,3.1397,ACCEPT,0,147,578,5724,2,100,103,0,0,0,0,-1.0000
77,0,1,1,ACCEPT,36.1223,2.0119,169,-1,-6,0.0710,136.23,223.15,25.00,10.00,213.50,320.00,25.00,12.00,0.0000,123.90,1,0,3.1219,ACCEPT,0,164,448,6444,2,100,169,0,0,0,0,-1.0000
78,0,1,1,ACCEPT,19.3095,1.6379,95,0,-19,0.1158,136.23,220.18,25.00,10.00,211.00,304.50,28.00,11.00,0.0000,112.70,1,0,3.1283,ACCEPT,0,185,767,3863,2,100,95,0,0,0,0,-1.0000
79,0,1,1,ACCEPT,14.0169,1.0270,38,2,-7,0.4474,137.01,219.09,25.00,10.00,215.50,290.00,27.00,12.00,0.0000,105.78,1,0,2.9154,ACCEPT,0,94,251,6112,2,100,38,0,0,0,0,-1.0000
80,0,1,1,ACCEPT,17.0453,1.4333,43,-5,-13,0.0930,135.05,217.05,26.00,10.40,217.00,272.00,28.00,12.00,0.0000,98.66,1,1,2.9039,ACCEPT,0,85,988,2141,2,100,43,0,0,0,0,0.9755
81,0,1,1,ACCEPT,17.5245,1.2000,54,0,26,0.0370,135.05,221.32,26.00,10.40,211.00,249.00,28.00,14.00,0.0000,80.83,1,0,2.8329,ACCEPT,0,79,477,3604,2,100,54,0,0,0,0,-1.0000
82,0,1,1,ACCEPT,14.2435,1.0533,79,-9,-21,0.1646,131.40,217.88,26.00,10.40,213.00,224.50,28.00,15.00,0.0000,81.87,1,0,2.3871,ACCEPT,0,178,530,6391,2,100,79,0,0,0,0,-1.0000
83,0,1,1,ACCEPT,23.1826,1.3587,125,-13,-28,0.0480,126.12,213.28,27.04,10.82,211.50,203.50,25.00,17.00,0.0000,85.94,1,1,2.4866,ACCEPT,0,177,431,9977,2,100,125,0,0,0,0,-1.0000
84,0,1,1,ACCEPT,18.3782,1.2877,94,1,-12,0.2979,126.54,211.22,27.04,10.82,199.00,191.50,26.00,17.00,0.0000,75.10,1,-13,1.6652,MAX_STEP,0,139,302,9359,2,100,94,0,0,0,0,-1.0000
85,0,1,1,ACCEPT,19.2396,1.9189,142,-1,-7,0.2465,126.12,210.02,27.04,10.82,199.50,188.50,27.00,15.00,0.0000,76.47,1,-3,1.3514,MAX_STEP,0,248,718,8672,2,100,142,0,0,0,0,-1.0000
86,0,1,1,ACCEPT,11.6157,1.2273,108,-14,-18,0.0093,120.21,206.92,27.04,10.82,200.00,184.50,26.00,15.00,0.0000,82.88,1,0,2.7672,ACCEPT,0,266,2930,1756,2,100,108,0,0,0,0,-1.0000
87,0,1,1,ACCEPT,19.5961,1.5175,217,-22,11,0.0276,110.93,208.81,27.04,10.82,200.50,184.00,27.00,18.00,0.0000,92.94,1,0,2.7656,ACCEPT,0,328,4136,2474,2,100,217,0,0,0,0,-1.0000
88,0,1,1,ACCEPT,18.4033,1.7500,28,37,-18,0.1786,126.54,205.72,28.12,11.25,214.50,187.50,25.00,17.00,0.0000,89.83,1,1,2.5782,ACCEPT,0,63,2221,842,2,100,28,0,0,0,0,-1.0000
89,0,1,1,ACCEPT,17.1098,1.4655,85,3,-30,0.1412,127.85,200.56,28.12,11.25,228.00,195.00,24.00,16.00,0.0000,100.30,1,0,2.5853,ACCEPT,0,160,2611,2188,2,100,85,0,0,0,0,-1.0000
90,0,1,1,ACCEPT,14.2659,1.1579,22,25,11,0.2727,138.79,202.45,27.04,10.82,231.00,208.50,26.00,15.00,0.0000,92.41,1,-1,2.4065,ACCEPT,0,69,1982,1108,2,100,22,0,0,0,0,-1.0000
91,0,1,0,NEGATIVE_PEAK,-8.6610,1.0588,-18,-6,4,0.3333,138.79,202.45,27.04,10.82,248.00,226.00,26.00,10.00,0.0000,111.72,0,0,0.0000,NOT_RUN,0,99,5401,0,2,100,18,0,0,0,0,-1.0000
92,0,1,0,NEGATIVE_PEAK,-5.7231,1.3333,-4,0,0,1.0000,138.79,202.45,27.04,10.82,267.00,234.50,24.00,13.00,0.0000,132.16,0,0,0.0000,NOT_RUN,0,21,9958,0,2,100,6,0,0,0,0,-1.0000
93,0,1,0,NEGATIVE_PEAK,-8.2714,1.2000,-6,-57,-19,0.8333,138.79,202.45,27.04,10.82,273.00,237.50,26.00,11.00,0.0000,138.71,0,0,0.0000,NOT_RUN,0,18,8207,0,2,100,6,0,0,0,0,-1.0000
94,0,1,1,ACCEPT,15.1702,1.1748,121,-17,-30,0.1157,131.62,197.30,26.00,10.40,284.50,243.50,25.00,11.00,0.0000,159.71,1,-1,2.5646,ACCEPT,0,348,4360,2415,2,100,121,0,0,0,0,-1.0000
95,0,1,1,ACCEPT,36.4601,1.8378,204,-10,8,0.0392,127.55,198.61,26.00,10.40,299.00,254.50,26.00,11.00,0.0000,180.33,1,0,1.8049,LOW_CONF,0,221,8617,1181,2,100,204,0,0,0,0,-1.0000
96,0,1,1,ACCEPT,15.7501,1.1292,201,-10,-9,0.1891,123.49,197.13,26.00,10.40,292.50,264.50,25.00,13.00,0.0000,181.94,1,11,1.0626,MAX_STEP,0,566,1863,3201,2,100,201,0,0,0,0,-1.0000
97,0,1,0,NEGATIVE_PEAK,-4.6116,1.0000,-3,0,0,1.0000,123.49,197.13,26.00,10.40,293.00,277.00,26.00,12.00,0.0000,187.38,0,0,0.0000,NOT_RUN,0,5,15389,0,2,100,4,0,0,0,0,-1.0000
98,0,1,0,NEGATIVE_PEAK,-6.4088,1.3333,-4,-5,0,0.7500,123.49,197.13,26.00,10.40,299.50,292.50,23.00,11.00,0.0000,200.18,0,0,0.0000,NOT_RUN,0,6,14634,0,2,100,5,0,0,0,0,-1.0000
99,0,1,1,ACCEPT,14.1515,1.3143,46,-18,-47,0.1522,116.18,189.42,27.04,10.82,293.50,304.50,23.00,13.00,0.0000,211.39,1,1,2.3916,ACCEPT,0,162,870,3403,2,100,46,0,0,0,0,-1.0000
100,0,1,0,NEGATIVE_PEAK,-6.6712,1.0000,-17,-34,-1,0.1176,116.18,189.42,27.04,10.82,291.00,313.50,24.00,13.00,0.0000,214.38,0,0,0.0000,NOT_RUN,0,117,5161,0,2,100,17,0,0,0,0,-1.0000
