frame,occluded,evaluated,accept,reason,psr_bolme,psr_ratio,peak,dr_bin,dc_bin,resp00_over_peak,est_row,est_col,est_h,est_w,truth_row,truth_col,truth_h,truth_w,iou,centre_err,published,scale_idx,scale_conf,scale_reason,rails,accum_max,fch0_max,h_max,job,anchor,resp_max,rails_fch,rails_accum,rails_resp,rails_h
0,0,0,0,ZERO_RESPONSE,0.0000,0.0000,0,0,0,0.0000,258.00,825.50,24.00,47.00,258.00,825.50,24.00,47.00,1.0000,0.00,1,0,0.0000,NOT_RUN,0,0,468,26464,0,0,0,0,0,0,0
1,0,1,1,ACCEPT,11.1059,2.1815,1106,2,3,0.0181,259.50,829.91,24.00,47.00,258.00,828.50,26.00,47.00,0.8380,2.06,1,0,3.1960,ACCEPT,0,1460,407,17477,0,0,1106,0,0,0,0
2,0,1,1,ACCEPT,5.0386,1.2967,389,9,-8,0.4653,266.25,818.16,24.00,47.00,267.00,794.50,22.00,51.00,0.3294,23.67,1,0,3.2331,ACCEPT,0,1912,183,32767,0,0,389,0,0,0,0
3,0,1,1,ACCEPT,6.0533,1.2537,509,1,12,0.1198,267.00,835.78,24.96,48.88,267.00,762.50,22.00,45.00,0.0000,73.28,1,1,2.2132,ACCEPT,0,1059,218,16570,0,0,509,0,0,0,0
4,0,1,1,ACCEPT,5.5400,1.2657,624,3,-10,0.0753,269.34,820.47,24.96,48.88,271.50,729.00,27.00,40.00,0.0000,91.49,1,0,2.7237,ACCEPT,0,1530,496,2815,0,0,624,0,0,0,0
5,0,1,1,ACCEPT,9.4444,2.2522,259,2,2,0.2471,270.91,823.53,24.96,48.88,272.00,722.50,26.00,51.00,0.0000,101.04,1,2,1.6127,LOW_CONF,0,380,446,2254,0,0,259,0,0,0,0
6,0,1,1,ACCEPT,5.0830,1.2841,113,-3,-10,0.2743,268.56,808.22,24.96,48.88,294.00,739.50,20.00,47.00,0.0000,73.28,1,0,2.9948,ACCEPT,0,214,191,3088,0,0,113,0,0,0,0
7,0,1,0,LOW_PSR,4.3690,1.0667,208,-9,-1,0.2212,268.56,808.22,24.96,48.88,305.50,804.00,23.00,38.00,0.0000,37.18,0,0,0.0000,NOT_RUN,0,594,214,0,0,0,208,0,0,0,0
8,0,1,0,LOW_PSR,4.3659,1.1078,226,9,15,0.5796,268.56,808.22,24.96,48.88,329.00,909.00,24.00,38.00,0.0000,117.51,0,0,0.0000,NOT_RUN,0,743,163,0,0,0,226,0,0,0,0
9,0,1,0,NEGATIVE_PEAK,-4.0520,1.0769,-210,-14,-7,0.2619,268.56,808.22,24.96,48.88,342.50,955.00,25.00,44.00,0.0000,164.35,0,0,0.0000,NOT_RUN,0,638,266,0,0,0,210,0,0,0,0
10,0,1,0,NEGATIVE_PEAK,-6.6985,1.2605,-300,-4,4,0.6233,268.56,808.22,24.96,48.88,351.50,946.00,27.00,38.00,0.0000,160.82,0,0,0.0000,NOT_RUN,0,752,119,0,0,0,300,0,0,0,0
11,0,1,0,NEGATIVE_PEAK,-5.0470,1.0185,-276,-4,-3,0.5833,268.56,808.22,24.96,48.88,352.00,921.50,22.00,37.00,0.0000,140.69,0,0,0.0000,NOT_RUN,0,820,162,0,0,0,276,0,0,0,0
12,0,1,0,LOW_PSR,4.0202,1.1188,226,-6,9,0.5398,268.56,808.22,24.96,48.88,343.00,892.50,26.00,45.00,0.0000,112.45,0,0,0.0000,NOT_RUN,0,615,203,0,0,0,226,0,0,0,0
13,0,1,0,NEGATIVE_PEAK,-4.2702,1.1264,-196,8,-9,0.0255,268.56,808.22,24.96,48.88,323.00,888.00,24.00,48.00,0.0000,96.58,0,0,0.0000,NOT_RUN,0,598,112,0,0,0,196,0,0,0,0
14,0,1,0,NEGATIVE_PEAK,-5.2995,1.1950,-239,-9,9,0.1381,268.56,808.22,24.96,48.88,299.00,819.50,24.00,35.00,0.0000,32.46,0,0,0.0000,NOT_RUN,0,619,103,0,0,0,239,0,0,0,0
15,0,1,1,ACCEPT,5.7904,1.1133,226,12,-19,0.4956,277.94,779.12,24.96,48.88,282.50,777.00,23.00,36.00,0.5182,5.03,1,0,3.1876,ACCEPT,0,468,220,18395,0,0,226,0,0,0,0
16,0,1,1,ACCEPT,6.0921,1.2316,968,11,2,0.2944,286.53,782.19,24.96,48.88,238.00,809.00,24.00,44.00,0.0000,55.45,1,0,3.1608,ACCEPT,0,2713,461,2313,0,0,968,0,0,0,0
17,0,1,1,ACCEPT,6.1223,1.2118,206,1,6,0.2379,287.31,791.38,24.96,48.88,215.00,888.00,24.00,50.00,0.0000,120.69,1,0,2.6171,ACCEPT,0,709,316,3386,0,0,206,0,0,0,0
18,0,1,0,LOW_PSR,4.7412,1.0246,375,1,6,0.2507,287.31,791.38,24.96,48.88,195.50,1032.00,25.00,34.00,0.0000,257.55,0,0,0.0000,NOT_RUN,0,1519,89,0,0,0,375,0,0,0,0
19,0,1,0,NEGATIVE_PEAK,-4.7491,1.0756,-185,2,-4,0.0270,287.31,791.38,24.96,48.88,204.00,1124.50,24.00,39.00,0.0000,343.38,0,0,0.0000,NOT_RUN,0,441,154,0,0,0,185,0,0,0,0
20,0,1,1,ACCEPT,5.7362,1.0917,500,11,7,0.5180,295.91,802.09,24.96,48.88,275.50,1165.50,29.00,47.00,0.0000,363.98,1,0,3.1372,ACCEPT,0,1194,140,2358,0,0,500,0,0,0,0
21,0,1,0,NEGATIVE_PEAK,-8.4141,1.2268,-806,6,4,0.8151,295.91,802.09,24.96,48.88,307.50,1153.50,33.00,49.00,0.0000,351.60,0,0,0.0000,NOT_RUN,0,1238,129,0,0,0,806,0,0,0,0
22,0,1,1,ACCEPT,5.5112,1.3388,245,-10,21,0.1184,288.09,834.25,24.96,48.88,322.50,1086.00,27.00,40.00,0.0000,254.09,1,0,3.0896,ACCEPT,0,778,287,4487,0,0,245,0,0,0,0
23,0,1,0,LOW_PSR,4.6919,1.1156,743,-1,-2,0.5303,288.09,834.25,24.96,48.88,336.50,1055.00,29.00,40.00,0.0000,225.99,0,0,0.0000,NOT_RUN,0,2158,126,0,0,0,743,0,0,0,0
24,0,1,0,NEGATIVE_PEAK,-4.9544,1.3698,-626,-10,-5,0.1054,288.09,834.25,24.96,48.88,355.00,1022.00,28.00,60.00,0.0000,199.32,0,0,0.0000,NOT_RUN,0,1713,166,0,0,0,626,0,0,0,0
25,0,1,1,ACCEPT,5.6779,1.2201,848,4,-3,0.1156,291.22,829.66,24.96,48.88,369.50,1013.00,29.00,52.00,0.0000,199.36,1,13,1.5082,MAX_STEP,0,2046,158,11714,0,0,848,0,0,0,0
26,0,1,1,ACCEPT,6.1326,1.6048,3330,21,12,0.2745,307.62,848.03,24.96,48.88,392.50,1007.50,29.00,41.00,0.0000,180.65,1,13,1.5194,MAX_STEP,0,6476,136,11320,0,0,3330,0,0,0,0
27,0,1,1,ACCEPT,5.4188,1.3411,4046,-1,10,0.1925,306.84,863.34,24.96,48.88,394.00,1008.00,28.00,46.00,0.0000,168.88,1,12,1.5145,MAX_STEP,0,11825,111,9349,0,0,4046,0,0,0,0
28,0,1,1,ACCEPT,8.0305,1.7566,4388,-12,7,0.1064,297.47,874.06,24.96,48.88,385.00,995.00,30.00,44.00,0.0000,149.29,1,4,1.3323,MAX_STEP,0,7231,109,13191,0,0,4388,0,0,0,0
29,0,1,1,ACCEPT,7.2547,1.5054,4310,-25,6,0.0169,277.94,883.25,24.96,48.88,366.50,988.50,31.00,35.00,0.0000,137.55,1,9,1.4062,MAX_STEP,0,9472,126,8878,0,0,4310,0,0,0,0
30,0,1,0,NEGATIVE_PEAK,-4.0243,1.0380,-1203,-19,0,0.0025,277.94,883.25,24.96,48.88,332.50,991.00,29.00,32.00,0.0000,120.78,0,0,0.0000,NOT_RUN,0,3578,171,0,0,0,1203,0,0,0,0
31,0,1,0,LOW_PSR,3.9397,1.0244,1007,29,-2,0.1092,277.94,883.25,24.96,48.88,320.00,989.00,30.00,36.00,0.0000,113.81,0,0,0.0000,NOT_RUN,0,4103,258,0,0,0,1007,0,0,0,0
32,0,1,0,NEGATIVE_PEAK,-6.2469,1.3099,-2126,13,-3,0.4577,277.94,883.25,24.96,48.88,316.00,982.00,28.00,28.00,0.0000,105.83,0,0,0.0000,NOT_RUN,0,6272,109,0,0,0,2126,0,0,0,0
33,0,1,0,NEGATIVE_PEAK,-4.0765,1.0042,-954,20,-1,0.5933,277.94,883.25,24.96,48.88,276.00,968.50,32.00,25.00,0.0000,85.27,0,0,0.0000,NOT_RUN,0,3705,213,0,0,0,954,0,0,0,0
34,0,1,0,NEGATIVE_PEAK,-5.3612,1.1001,-2220,4,5,0.2559,277.94,883.25,24.96,48.88,257.50,890.00,37.00,26.00,0.1437,21.52,0,0,0.0000,NOT_RUN,0,6726,127,0,0,0,2220,0,0,0,0
35,0,1,0,LOW_PSR,4.4807,1.1578,1181,11,8,0.6232,277.94,883.25,24.96,48.88,248.50,827.00,33.00,24.00,0.0000,63.49,0,0,0.0000,NOT_RUN,0,5290,154,0,0,0,1181,0,0,0,0
36,0,1,1,ACCEPT,5.9549,1.0287,1790,10,8,0.3000,285.75,895.50,24.96,48.88,264.00,758.00,34.00,22.00,0.0000,139.21,1,0,1.9315,LOW_CONF,0,8008,237,3274,0,0,1790,0,0,0,0
37,0,1,1,ACCEPT,5.4866,1.2319,664,13,16,0.0136,295.91,920.00,24.96,48.88,322.00,740.00,36.00,22.00,0.0000,181.88,1,0,2.9589,ACCEPT,0,1496,155,2394,0,0,664,0,0,0,0
38,0,1,1,ACCEPT,6.3234,1.0199,1382,-3,-2,0.5514,293.56,916.94,24.96,48.88,431.50,732.50,33.00,27.00,0.0000,230.31,1,0,3.3174,ACCEPT,0,3949,155,8122,0,0,1382,0,0,0,0
39,0,1,0,NEGATIVE_PEAK,-4.3703,1.0454,-898,2,17,0.2094,293.56,916.94,24.96,48.88,480.00,735.50,32.00,31.00,0.0000,260.15,0,0,0.0000,NOT_RUN,0,3953,75,0,0,0,898,0,0,0,0
40,0,1,0,NEGATIVE_PEAK,-4.9153,1.0101,-1303,2,0,0.8219,293.56,916.94,24.96,48.88,510.00,742.00,32.00,24.00,0.0000,278.30,0,0,0.0000,NOT_RUN,0,4393,65,0,0,0,1303,0,0,0,0
41,0,1,0,LOW_PSR,4.5964,1.0251,1677,11,7,0.1538,293.56,916.94,24.96,48.88,520.50,744.00,29.00,34.00,0.0000,285.32,0,0,0.0000,NOT_RUN,0,7312,92,0,0,0,1677,0,0,0,0
42,0,1,1,ACCEPT,5.6973,1.0958,2093,1,-6,0.0612,294.34,907.75,24.96,48.88,519.50,765.00,27.00,42.00,0.0000,266.60,1,0,2.1624,ACCEPT,0,7061,88,1556,0,0,2093,0,0,0,0
43,0,1,1,ACCEPT,7.1947,1.5878,597,4,14,0.1340,297.47,929.19,24.96,48.88,493.50,778.50,29.00,35.00,0.0000,247.25,1,0,3.2269,ACCEPT,0,1158,75,2018,0,0,597,0,0,0,0
44,0,1,0,NEGATIVE_PEAK,-5.7521,1.0475,-507,2,2,0.4813,297.47,929.19,24.96,48.88,441.50,788.00,27.00,38.00,0.0000,201.69,0,0,0.0000,NOT_RUN,0,1082,195,0,0,0,507,0,0,0,0
45,0,1,0,NEGATIVE_PEAK,-3.8546,1.0558,-284,-1,6,0.5986,297.47,929.19,24.96,48.88,410.50,798.00,25.00,46.00,0.0000,173.17,0,0,0.0000,NOT_RUN,0,1112,123,0,0,0,284,0,0,0,0
46,0,1,1,ACCEPT,6.2586,1.1380,470,7,6,0.3255,302.94,938.38,23.08,45.19,387.50,789.50,27.00,41.00,0.0000,171.22,1,-2,2.0784,ACCEPT,0,1216,165,5529,0,0,470,0,0,0,0
47,0,1,1,ACCEPT,8.1523,1.8206,2223,-2,8,0.3531,301.50,949.62,23.08,45.19,375.00,769.00,32.00,34.00,0.0000,195.01,1,1,1.8248,LOW_CONF,0,4236,116,2124,0,0,2223,0,0,0,0
48,0,1,1,ACCEPT,7.1148,1.0389,881,14,13,0.0602,311.56,967.91,23.08,45.19,355.50,725.00,33.00,48.00,0.0000,246.85,1,0,3.1807,ACCEPT,0,1560,141,8684,0,0,881,0,0,0,0
49,0,1,0,NEGATIVE_PEAK,-4.0891,1.0093,-1082,-3,3,0.3845,311.56,967.91,23.08,45.19,343.50,707.00,29.00,52.00,0.0000,262.85,0,0,0.0000,NOT_RUN,0,3532,198,0,0,0,1082,0,0,0,0
50,0,1,1,ACCEPT,5.6069,1.1589,1561,-3,-7,0.2402,309.41,958.06,23.08,45.19,330.00,705.00,34.00,44.00,0.0000,253.90,1,0,2.3228,ACCEPT,0,4932,372,2315,0,0,1561,0,0,0,0
51,0,1,0,LOW_PSR,4.4397,1.0682,517,22,4,0.3946,309.41,958.06,23.08,45.19,317.50,707.50,37.00,45.00,0.0000,250.69,0,0,0.0000,NOT_RUN,0,1901,266,0,0,0,517,0,0,0,0
52,0,1,1,ACCEPT,6.6547,1.2011,908,10,3,0.2170,316.59,962.28,23.08,45.19,322.00,698.00,34.00,58.00,0.0000,264.34,1,-4,1.6642,MAX_STEP,0,2758,163,2446,0,0,908,0,0,0,0
53,0,1,1,ACCEPT,6.0967,1.2316,1106,1,15,0.2658,317.31,983.38,21.34,41.78,329.00,701.50,30.00,53.00,0.0000,282.12,1,-2,2.2117,ACCEPT,0,3316,166,2577,0,0,1106,0,0,0,0
54,0,1,1,ACCEPT,5.8922,1.2299,674,9,10,0.0846,323.36,996.50,21.34,41.78,335.00,707.00,32.00,52.00,0.0000,289.73,1,0,3.0649,ACCEPT,0,2059,186,3416,0,0,674,0,0,0,0
55,0,1,1,ACCEPT,7.0774,1.3983,818,7,-4,0.1858,328.06,991.25,21.34,41.78,345.00,709.50,34.00,59.00,0.0000,282.26,1,0,2.9194,ACCEPT,0,2077,85,6552,0,0,818,0,0,0,0
56,0,1,1,ACCEPT,5.2872,1.1346,1281,14,5,0.1444,337.47,997.81,21.34,41.78,357.50,717.50,31.00,61.00,0.0000,281.03,1,-1,1.6796,LOW_CONF,0,5002,74,4138,0,0,1281,0,0,0,0
57,0,1,1,ACCEPT,7.3570,1.0345,1470,8,0,0.0265,342.84,997.81,21.34,41.78,358.50,729.50,29.00,63.00,0.0000,268.77,1,0,3.2470,ACCEPT,0,3925,118,5250,0,0,1470,0,0,0,0
58,0,1,0,LOW_PSR,4.9518,1.0230,713,-4,-1,0.3296,342.84,997.81,21.34,41.78,356.50,752.00,33.00,64.00,0.0000,246.19,0,0,0.0000,NOT_RUN,0,2891,70,0,0,0,713,0,0,0,0
59,0,1,0,LOW_PSR,4.3475,1.1267,498,-6,-1,0.3072,342.84,997.81,21.34,41.78,358.00,764.00,30.00,68.00,0.0000,234.30,0,0,0.0000,NOT_RUN,0,1927,68,0,0,0,498,0,0,0,0
60,0,1,1,ACCEPT,5.5189,1.2034,923,7,6,0.0878,347.55,1005.69,21.34,41.78,366.00,779.00,30.00,64.00,0.0000,227.44,1,0,2.4435,ACCEPT,0,2754,143,6361,0,0,923,0,0,0,0
61,0,1,0,LOW_PSR,4.7286,1.2182,977,19,11,0.0901,347.55,1005.69,21.34,41.78,375.00,782.50,30.00,61.00,0.0000,224.87,0,0,0.0000,NOT_RUN,0,3324,79,0,0,0,977,0,0,0,0
62,0,1,1,ACCEPT,6.7358,1.2251,2008,0,6,0.1394,347.55,1013.56,21.34,41.78,390.50,778.50,31.00,65.00,0.0000,238.95,1,0,2.7951,ACCEPT,0,5036,82,5421,0,0,2008,0,0,0,0
63,0,1,0,NEGATIVE_PEAK,-4.1117,1.0301,-1199,-4,-4,0.2786,347.55,1013.56,21.34,41.78,397.00,781.50,30.00,75.00,0.0000,237.27,0,0,0.0000,NOT_RUN,0,5806,113,0,0,0,1199,0,0,0,0
64,0,1,0,LOW_PSR,4.6491,1.0911,1114,9,-6,0.6230,347.55,1013.56,21.34,41.78,391.50,803.00,31.00,62.00,0.0000,215.10,0,0,0.0000,NOT_RUN,0,4135,109,0,0,0,1114,0,0,0,0
65,0,1,0,LOW_PSR,4.3125,1.0232,1233,25,1,0.4493,347.55,1013.56,21.34,41.78,390.00,810.00,30.00,60.00,0.0000,207.94,0,0,0.0000,NOT_RUN,0,4340,82,0,0,0,1233,0,0,0,0
66,0,1,1,ACCEPT,5.8980,1.3349,1463,24,9,0.0021,363.67,1025.38,20.52,40.18,378.00,820.50,26.00,73.00,0.0000,205.38,1,-1,2.0338,ACCEPT,0,4284,114,3837,0,0,1463,0,0,0,0
67,0,1,0,LOW_PSR,4.9840,1.1233,656,20,13,0.0412,363.67,1025.38,20.52,40.18,358.50,821.50,29.00,73.00,0.0000,203.94,0,0,0.0000,NOT_RUN,0,2032,94,0,0,0,656,0,0,0,0
68,0,1,1,ACCEPT,8.9979,1.5743,954,3,9,0.0807,365.59,1036.62,20.52,40.18,365.00,803.00,28.00,66.00,0.0000,233.63,1,0,3.3848,ACCEPT,0,1801,92,4149,0,0,954,0,0,0,0
69,0,1,0,LOW_PSR,4.7021,1.0218,515,-4,10,0.3340,365.59,1036.62,20.52,40.18,370.00,770.00,26.00,68.00,0.0000,266.66,0,0,0.0000,NOT_RUN,0,1705,74,0,0,0,515,0,0,0,0
70,0,1,1,ACCEPT,7.0109,1.2068,963,-11,19,0.1070,358.55,1060.38,20.52,40.18,368.50,702.50,31.00,77.00,0.0000,358.01,1,-3,1.7451,MAX_STEP,0,1759,115,10027,0,0,963,0,0,0,0
71,0,1,0,NEGATIVE_PEAK,-5.7317,1.0370,-2777,2,16,0.1801,358.55,1060.38,20.52,40.18,364.00,661.50,30.00,67.00,0.0000,398.91,0,0,0.0000,NOT_RUN,0,9595,90,0,0,0,2777,0,0,0,0
72,0,1,1,ACCEPT,9.9531,1.4436,9506,12,5,0.1068,366.23,1066.62,20.52,40.18,362.00,591.00,26.00,66.00,0.0000,475.64,1,0,2.6630,ACCEPT,0,14803,152,12653,0,0,9506,0,0,0,0
73,0,1,1,ACCEPT,13.2617,2.5510,6875,-3,7,0.1004,364.31,1075.38,20.52,40.18,362.00,553.00,28.00,70.00,0.0000,522.38,1,0,2.7886,ACCEPT,0,10960,104,7748,0,0,6875,0,0,0,0
74,0,1,1,ACCEPT,8.3432,1.5309,4905,12,-5,0.0797,372.00,1069.12,20.52,40.18,366.00,506.00,28.00,62.00,0.0000,563.16,1,0,2.2384,ACCEPT,0,6547,159,9623,0,0,4905,0,0,0,0
75,0,1,0,NEGATIVE_PEAK,-4.6416,1.0440,-2228,-4,2,0.0534,372.00,1069.12,20.52,40.18,376.50,485.50,25.00,55.00,0.0000,583.64,0,0,0.0000,NOT_RUN,0,8148,86,0,0,0,2228,0,0,0,0
76,0,1,1,ACCEPT,7.5949,1.2183,4442,15,12,0.1778,381.61,1084.12,20.52,40.18,390.00,473.50,30.00,53.00,0.0000,610.68,1,0,2.5737,ACCEPT,0,10414,221,6440,0,0,4442,0,0,0,0
77,0,1,1,ACCEPT,12.3853,2.3908,5059,14,5,0.2079,390.58,1090.38,20.52,40.18,393.50,496.50,27.00,47.00,0.0000,593.88,1,0,2.8890,ACCEPT,0,7273,159,3719,0,0,5059,0,0,0,0
78,0,1,0,NEGATIVE_PEAK,-6.3132,1.0350,-1359,2,2,0.5835,390.58,1090.38,20.52,40.18,394.50,565.00,27.00,40.00,0.0000,525.39,0,0,0.0000,NOT_RUN,0,2926,99,0,0,0,1359,0,0,0,0
79,0,1,1,ACCEPT,13.1640,2.5284,2981,20,-4,0.0587,403.39,1085.38,20.52,40.18,388.50,630.00,27.00,38.00,0.0000,455.62,1,-7,1.9572,MAX_STEP,0,2752,143,8751,0,0,2981,0,0,0,0
80,0,1,1,ACCEPT,10.2478,1.5027,6017,10,12,0.0588,409.80,1100.38,20.52,40.18,391.50,673.50,29.00,41.00,0.0000,427.27,1,0,2.5701,ACCEPT,0,8862,123,6936,0,0,6017,0,0,0,0
81,0,1,1,ACCEPT,16.8278,1.8150,12937,7,8,0.1718,414.28,1110.38,20.52,40.18,392.00,679.50,28.00,27.00,0.0000,431.45,1,-1,1.7194,LOW_CONF,0,10325,141,13058,0,0,12937,0,0,0,0
82,0,1,1,ACCEPT,11.3841,1.8194,6839,11,-18,0.0034,421.33,1087.88,19.73,38.63,397.00,672.00,26.00,32.00,0.0000,416.59,1,-1,2.4709,ACCEPT,0,7175,101,14502,0,0,6839,0,0,0,0
83,0,1,1,ACCEPT,22.4547,3.1760,17325,5,-7,0.0640,424.38,1079.45,18.97,37.14,399.50,672.50,27.00,31.00,0.0000,407.71,1,-1,2.4902,ACCEPT,0,11819,136,16306,0,0,17325,0,0,0,0
84,0,1,1,ACCEPT,25.2708,4.7117,22324,6,0,0.0308,427.94,1079.45,18.97,37.14,398.00,680.50,30.00,27.00,0.0000,400.07,1,0,2.4020,ACCEPT,0,15059,164,17849,0,0,22324,0,0,0,0
85,0,1,1,ACCEPT,28.4578,5.6356,21590,11,-1,0.0289,434.47,1078.30,18.24,35.72,404.50,684.00,29.00,24.00,0.0000,395.43,1,-1,2.2903,ACCEPT,0,12625,175,15050,0,0,21590,0,0,0,0
86,0,1,1,ACCEPT,19.9368,3.7794,8976,24,-1,0.0254,447.97,1077.19,18.24,35.72,418.50,690.00,27.00,24.00,0.0000,388.31,1,0,2.7009,ACCEPT,0,6683,137,16061,0,0,8976,0,0,0,0
87,0,1,1,ACCEPT,26.8058,5.7195,16575,17,-3,0.0407,457.53,1073.86,17.54,34.34,425.00,690.00,28.00,26.00,0.0000,385.24,1,-1,2.6548,ACCEPT,0,10512,119,11055,0,0,16575,0,0,0,0
88,0,1,1,ACCEPT,27.5990,5.4064,14954,-1,-5,0.1261,456.98,1068.47,16.86,33.02,422.50,682.50,29.00,23.00,0.0000,387.51,1,-1,2.0407,ACCEPT,0,11558,136,14679,0,0,14954,0,0,0,0
89,0,1,1,ACCEPT,28.5988,4.8579,18159,5,-4,0.1422,459.64,1064.34,16.21,31.75,424.50,674.50,29.00,23.00,0.0000,391.42,1,-1,2.4402,ACCEPT,0,12477,113,15076,0,0,18159,0,0,0,0
90,0,1,1,ACCEPT,23.6967,5.4952,11930,-7,-4,0.0573,456.14,1060.34,15.59,30.53,421.00,666.00,26.00,32.00,0.0000,395.91,1,-1,2.6734,ACCEPT,0,11912,145,8448,0,0,11930,0,0,0,0
91,0,1,1,ACCEPT,27.0188,6.4484,13748,-1,0,0.9751,455.66,1060.34,14.99,29.36,421.00,660.00,28.00,36.00,0.0000,401.84,1,-1,2.5545,ACCEPT,0,11041,192,11982,0,0,13748,0,0,0,0
92,0,1,1,ACCEPT,8.5831,1.6710,4201,13,1,0.0024,461.75,1061.27,14.99,29.36,401.50,645.50,27.00,33.00,0.0000,420.11,1,0,2.6167,ACCEPT,0,7626,90,1589,0,0,4201,0,0,0,0
93,0,1,1,ACCEPT,7.8835,1.3351,980,1,7,0.0684,462.22,1067.72,14.41,28.23,404.00,640.50,26.00,45.00,0.0000,431.17,1,-1,2.2544,ACCEPT,0,1907,93,1593,0,0,980,0,0,0,0
94,0,1,1,ACCEPT,6.3028,1.0268,307,-5,-13,0.0847,459.95,1056.34,14.41,28.23,383.00,634.00,28.00,44.00,0.0000,429.30,1,4,2.2063,MAX_STEP,0,889,176,2330,0,0,307,0,0,0,0
95,0,1,0,NEGATIVE_PEAK,-5.8036,1.0070,-432,4,1,0.5301,459.95,1056.34,14.41,28.23,378.50,632.50,25.00,29.00,0.0000,431.60,0,0,0.0000,NOT_RUN,0,1119,164,0,0,0,432,0,0,0,0
96,0,1,1,ACCEPT,7.1388,1.0646,379,14,-4,0.1821,466.30,1052.84,14.41,28.23,372.50,642.50,25.00,29.00,0.0000,420.93,1,5,1.5466,MAX_STEP,0,626,229,1970,0,0,379,0,0,0,0
97,0,1,0,NEGATIVE_PEAK,-4.4629,1.1268,-160,-3,-4,0.0375,466.30,1052.84,14.41,28.23,374.00,653.50,26.00,25.00,0.0000,409.87,0,0,0.0000,NOT_RUN,0,690,326,0,0,0,160,0,0,0,0
98,0,1,0,LOW_PSR,4.5260,1.2500,160,26,18,0.0312,466.30,1052.84,14.41,28.23,357.00,684.50,26.00,31.00,0.0000,384.22,0,0,0.0000,NOT_RUN,0,524,35,0,0,0,160,0,0,0,0
99,0,1,1,ACCEPT,5.3403,1.1955,214,3,-4,0.1215,467.66,1049.34,13.86,27.14,362.50,708.50,23.00,35.00,0.0000,356.70,1,-1,2.8483,ACCEPT,0,618,202,2976,0,0,214,0,0,0,0
0,0,0,0,ZERO_RESPONSE,0.0000,0.0000,0,0,0,0.0000,330.00,705.00,34.00,44.00,330.00,705.00,34.00,44.00,1.0000,0.00,1,0,0.0000,NOT_RUN,0,0,519,13478,1,50,0,0,0,0,0
1,0,1,1,ACCEPT,6.9977,1.8438,850,12,3,0.1153,342.75,709.12,34.00,44.00,343.50,707.00,29.00,52.00,0.7384,2.25,1,0,3.3402,ACCEPT,0,1577,379,10563,1,50,850,0,0,0,0
2,0,1,1,ACCEPT,10.4831,2.2583,1084,11,10,0.1661,354.44,722.88,34.00,44.00,355.50,725.00,33.00,48.00,0.8590,2.38,1,0,3.3517,ACCEPT,0,1682,417,3349,1,50,1084,0,0,0,0
3,0,1,0,NEGATIVE_PEAK,-3.9466,1.0181,-281,1,14,0.1815,354.44,722.88,34.00,44.00,375.00,769.00,32.00,34.00,0.0000,50.50,0,0,0.0000,NOT_RUN,0,1059,375,0,1,50,281,0,0,0,0
4,0,1,1,ACCEPT,7.6220,1.6467,825,-5,10,0.0497,349.12,736.62,32.69,42.31,387.50,789.50,27.00,41.00,0.0000,65.33,1,-1,2.9681,ACCEPT,0,1498,748,2681,1,50,825,0,0,0,0
5,0,1,0,NEGATIVE_PEAK,-3.9055,1.0192,-212,3,-3,0.3019,349.12,736.62,32.69,42.31,410.50,798.00,25.00,46.00,0.0000,86.80,0,0,0.0000,NOT_RUN,0,772,128,0,1,50,212,0,0,0,0
6,0,1,0,LOW_PSR,4.6242,1.1673,607,-4,4,0.5881,349.12,736.62,32.69,42.31,441.50,788.00,27.00,38.00,0.0000,105.70,0,0,0.0000,NOT_RUN,0,1805,139,0,1,50,607,0,0,0,0
7,0,1,0,LOW_PSR,4.5746,1.1676,634,8,6,0.4385,349.12,736.62,32.69,42.31,493.50,778.50,29.00,35.00,0.0000,150.33,0,0,0.0000,NOT_RUN,0,2589,95,0,1,50,634,0,0,0,0
8,0,1,0,LOW_PSR,4.6823,1.0114,531,1,2,0.8493,349.12,736.62,32.69,42.31,519.50,765.00,27.00,42.00,0.0000,172.72,0,0,0.0000,NOT_RUN,0,1721,181,0,1,50,531,0,0,0,0
9,0,1,0,NEGATIVE_PEAK,-4.2372,1.0560,-434,-7,-2,0.2258,349.12,736.62,32.69,42.31,520.50,744.00,29.00,34.00,0.0000,171.53,0,0,0.0000,NOT_RUN,0,1338,185,0,1,50,434,0,0,0,0
10,0,1,0,NEGATIVE_PEAK,-3.7244,1.0808,-468,21,-9,0.4487,349.12,736.62,32.69,42.31,510.00,742.00,32.00,24.00,0.0000,160.96,0,0,0.0000,NOT_RUN,0,1406,126,0,1,50,468,0,0,0,0
11,0,1,0,LOW_PSR,4.2025,1.0105,576,1,20,0.9896,349.12,736.62,32.69,42.31,480.00,735.50,32.00,31.00,0.0000,130.88,0,0,0.0000,NOT_RUN,0,2312,130,0,1,50,576,0,0,0,0
12,0,1,0,NEGATIVE_PEAK,-4.5030,1.2659,-457,4,14,0.0481,349.12,736.62,32.69,42.31,431.50,732.50,33.00,27.00,0.0000,82.48,0,0,0.0000,NOT_RUN,0,2257,96,0,1,50,457,0,0,0,0
13,0,1,1,ACCEPT,5.0842,1.2727,378,-10,6,0.3677,338.97,744.59,32.69,42.31,322.00,740.00,36.00,22.00,0.2132,17.58,1,0,3.1369,ACCEPT,0,966,87,11382,1,50,378,0,0,0,0
14,0,1,0,NEGATIVE_PEAK,-3.4600,1.0299,-241,-6,-26,0.2863,338.97,744.59,32.69,42.31,264.00,758.00,34.00,22.00,0.0000,76.16,0,0,0.0000,NOT_RUN,0,1033,82,0,1,50,241,0,0,0,0
15,0,1,0,LOW_PSR,4.0338,1.0059,512,-14,11,0.4609,338.97,744.59,32.69,42.31,248.50,827.00,33.00,24.00,0.0000,122.37,0,0,0.0000,NOT_RUN,0,2131,83,0,1,50,512,0,0,0,0
16,0,1,0,NEGATIVE_PEAK,-4.5342,1.0553,-649,22,0,0.1356,338.97,744.59,32.69,42.31,257.50,890.00,37.00,26.00,0.0000,166.67,0,0,0.0000,NOT_RUN,0,1796,124,0,1,50,649,0,0,0,0
17,0,1,1,ACCEPT,5.2342,1.1053,829,-15,2,0.3076,323.73,747.25,31.43,40.68,276.00,968.50,32.00,25.00,0.0000,226.34,1,-1,2.4303,ACCEPT,0,2049,211,2570,1,50,829,0,0,0,0
18,0,1,0,NEGATIVE_PEAK,-4.3306,1.0974,-473,19,-4,0.3319,323.73,747.25,31.43,40.68,316.00,982.00,28.00,28.00,0.0000,234.88,0,0,0.0000,NOT_RUN,0,1448,203,0,1,50,473,0,0,0,0
19,0,1,0,NEGATIVE_PEAK,-5.9352,1.3606,-566,13,7,0.2527,323.73,747.25,31.43,40.68,320.00,989.00,30.00,36.00,0.0000,241.78,0,0,0.0000,NOT_RUN,0,1372,171,0,1,50,566,0,0,0,0
20,0,1,0,NEGATIVE_PEAK,-5.5571,1.2091,-318,27,4,0.4151,323.73,747.25,31.43,40.68,332.50,991.00,29.00,32.00,0.0000,243.91,0,0,0.0000,NOT_RUN,0,805,77,0,1,50,318,0,0,0,0
21,0,1,0,LOW_PSR,4.9063,1.2639,479,6,3,0.2547,323.73,747.25,31.43,40.68,366.50,988.50,31.00,35.00,0.0000,245.01,0,0,0.0000,NOT_RUN,0,1414,110,0,1,50,479,0,0,0,0
22,0,1,0,LOW_PSR,3.8509,1.0353,264,13,-11,0.0189,323.73,747.25,31.43,40.68,385.00,995.00,30.00,44.00,0.0000,255.21,0,0,0.0000,NOT_RUN,0,915,99,0,1,50,264,0,0,0,0
23,0,1,0,LOW_PSR,4.2909,1.0563,150,6,-6,0.2200,323.73,747.25,31.43,40.68,394.00,1008.00,28.00,46.00,0.0000,270.05,0,0,0.0000,NOT_RUN,0,420,222,0,1,50,150,0,0,0,0
24,0,1,0,LOW_PSR,4.1933,1.0255,161,-9,-5,0.2795,323.73,747.25,31.43,40.68,392.50,1007.50,29.00,41.00,0.0000,269.18,0,0,0.0000,NOT_RUN,0,722,252,0,1,50,161,0,0,0,0
25,0,1,0,LOW_PSR,4.5533,1.1711,219,-3,7,0.7169,323.73,747.25,31.43,40.68,369.50,1013.00,29.00,52.00,0.0000,269.66,0,0,0.0000,NOT_RUN,0,678,119,0,1,50,219,0,0,0,0
26,0,1,0,LOW_PSR,4.7171,1.0655,244,3,-7,0.0287,323.73,747.25,31.43,40.68,355.00,1022.00,28.00,60.00,0.0000,276.52,0,0,0.0000,NOT_RUN,0,715,65,0,1,50,244,0,0,0,0
27,0,1,0,NEGATIVE_PEAK,-4.0427,1.1450,-229,2,-5,0.6638,323.73,747.25,31.43,40.68,336.50,1055.00,29.00,40.00,0.0000,308.01,0,0,0.0000,NOT_RUN,0,853,100,0,1,50,229,0,0,0,0
28,0,1,0,LOW_PSR,4.2984,1.0745,346,9,19,0.1358,323.73,747.25,31.43,40.68,322.50,1086.00,27.00,40.00,0.0000,338.75,0,0,0.0000,NOT_RUN,0,997,92,0,1,50,346,0,0,0,0
29,0,1,0,NEGATIVE_PEAK,-5.5993,1.3274,-446,-1,0,0.9955,323.73,747.25,31.43,40.68,307.50,1153.50,33.00,49.00,0.0000,406.57,0,0,0.0000,NOT_RUN,0,967,146,0,1,50,446,0,0,0,0
30,0,1,0,NEGATIVE_PEAK,-3.9918,1.1128,-286,-7,16,0.2483,323.73,747.25,31.43,40.68,275.50,1165.50,29.00,47.00,0.0000,421.02,0,0,0.0000,NOT_RUN,0,704,250,0,1,50,286,0,0,0,0
31,0,1,0,NEGATIVE_PEAK,-4.6944,1.0057,-355,6,-1,0.5972,323.73,747.25,31.43,40.68,204.00,1124.50,24.00,39.00,0.0000,395.80,0,0,0.0000,NOT_RUN,0,1086,145,0,1,50,355,0,0,0,0
32,0,1,0,LOW_PSR,4.7929,1.1448,340,21,4,0.0147,323.73,747.25,31.43,40.68,195.50,1032.00,25.00,34.00,0.0000,312.29,0,0,0.0000,NOT_RUN,0,864,146,0,1,50,340,0,0,0,0
33,0,1,0,LOW_PSR,3.9297,1.1658,225,-11,11,0.1467,323.73,747.25,31.43,40.68,215.00,888.00,24.00,50.00,0.0000,177.86,0,0,0.0000,NOT_RUN,0,713,180,0,1,50,225,0,0,0,0
34,0,1,0,LOW_PSR,4.9772,1.0457,206,-8,6,0.2670,323.73,747.25,31.43,40.68,238.00,809.00,24.00,44.00,0.0000,105.66,0,0,0.0000,NOT_RUN,0,426,108,0,1,50,206,0,0,0,0
35,0,1,1,ACCEPT,6.1976,1.4788,244,12,-4,0.4139,335.55,742.19,31.43,40.68,282.50,777.00,23.00,36.00,0.0000,63.45,1,0,2.7333,ACCEPT,0,828,210,3816,1,50,244,0,0,0,0
36,0,1,0,NEGATIVE_PEAK,-4.7605,1.0033,-302,14,-6,0.4139,335.55,742.19,31.43,40.68,299.00,819.50,24.00,35.00,0.0000,85.52,0,0,0.0000,NOT_RUN,0,853,241,0,1,50,302,0,0,0,0
37,0,1,0,NEGATIVE_PEAK,-5.5267,1.1964,-463,0,7,0.4795,335.55,742.19,31.43,40.68,323.00,888.00,24.00,48.00,0.0000,146.35,0,0,0.0000,NOT_RUN,0,1217,171,0,1,50,463,0,0,0,0
38,0,1,0,LOW_PSR,4.0671,1.0889,404,-15,23,0.2079,335.55,742.19,31.43,40.68,343.00,892.50,26.00,45.00,0.0000,150.50,0,0,0.0000,NOT_RUN,0,1510,110,0,1,50,404,0,0,0,0
39,0,1,0,LOW_PSR,4.5070,1.0949,473,-10,20,0.3129,335.55,742.19,31.43,40.68,352.00,921.50,22.00,37.00,0.0000,180.07,0,0,0.0000,NOT_RUN,0,1902,141,0,1,50,473,0,0,0,0
40,0,1,0,NEGATIVE_PEAK,-4.3363,1.0130,-389,-11,-2,0.0180,335.55,742.19,31.43,40.68,351.50,946.00,27.00,38.00,0.0000,204.44,0,0,0.0000,NOT_RUN,0,1101,139,0,1,50,389,0,0,0,0
41,0,1,0,NEGATIVE_PEAK,-3.9538,1.0577,-385,2,11,0.2701,335.55,742.19,31.43,40.68,342.50,955.00,25.00,44.00,0.0000,212.93,0,0,0.0000,NOT_RUN,0,1238,81,0,1,50,385,0,0,0,0
42,0,1,0,NEGATIVE_PEAK,-6.6903,1.3807,-885,-2,-1,0.5706,335.55,742.19,31.43,40.68,329.00,909.00,24.00,38.00,0.0000,166.94,0,0,0.0000,NOT_RUN,0,1414,109,0,1,50,885,0,0,0,0
43,0,1,1,ACCEPT,5.1820,1.1914,417,-7,-4,0.0216,328.66,737.12,31.43,40.68,305.50,804.00,23.00,38.00,0.0000,70.77,1,0,2.9666,ACCEPT,0,1001,227,2992,1,50,417,0,0,0,0
44,0,1,0,LOW_PSR,4.2554,1.0059,171,18,-8,0.0936,328.66,737.12,31.43,40.68,294.00,739.50,20.00,47.00,0.0000,34.74,0,0,0.0000,NOT_RUN,0,574,70,0,1,50,171,0,0,0,0
45,0,1,1,ACCEPT,5.6841,1.2388,441,7,-1,0.3515,335.55,735.86,31.43,40.68,272.00,722.50,26.00,51.00,0.0000,64.94,1,0,2.6450,ACCEPT,0,1504,200,3081,1,50,441,0,0,0,0
46,0,1,1,ACCEPT,5.0906,1.1597,305,-1,-2,0.8557,334.56,733.33,31.43,40.68,271.50,729.00,27.00,40.00,0.0000,63.21,1,-3,2.1381,MAX_STEP,0,827,116,3482,1,50,305,0,0,0,0
47,0,1,1,ACCEPT,5.5141,1.1185,406,-3,11,0.4483,331.61,747.25,30.23,39.12,267.00,762.50,22.00,45.00,0.0000,66.38,1,-1,2.2834,ACCEPT,0,1031,73,3241,1,50,406,0,0,0,0
48,0,1,1,ACCEPT,6.9457,1.4823,461,-1,15,0.3514,330.67,765.53,30.23,39.12,267.00,794.50,22.00,51.00,0.0000,69.95,1,0,2.3220,ACCEPT,0,1003,111,2245,1,50,461,0,0,0,0
49,0,1,1,ACCEPT,7.3436,1.2929,362,-7,18,0.0718,324.11,787.47,30.23,39.12,258.00,828.50,26.00,47.00,0.0000,77.81,1,0,2.3792,ACCEPT,0,662,57,2383,1,50,362,0,0,0,0
50,0,1,1,ACCEPT,7.9817,1.7596,366,-2,-5,0.0792,322.23,781.38,30.23,39.12,258.00,825.50,24.00,47.00,0.0000,77.93,1,0,2.7672,ACCEPT,0,665,151,1703,1,50,366,0,0,0,0
0,0,0,0,ZERO_RESPONSE,0.0000,0.0000,0,0,0,0.0000,362.50,708.50,23.00,35.00,362.50,708.50,23.00,35.00,1.0000,0.00,1,0,0.0000,NOT_RUN,0,0,378,11324,2,99,0,0,0,0,0
1,0,1,1,ACCEPT,5.2070,1.2301,540,0,-25,0.0963,362.50,681.16,23.00,35.00,357.00,684.50,26.00,31.00,0.5379,6.44,1,0,2.6881,ACCEPT,0,2402,177,15364,2,99,540,0,0,0,0
2,0,1,1,ACCEPT,5.7276,1.3850,554,-5,-17,0.4116,358.91,662.56,23.00,35.00,374.00,653.50,26.00,25.00,0.1565,17.61,1,0,2.8585,ACCEPT,0,1214,113,16451,2,99,554,0,0,0,0
3,0,1,1,ACCEPT,5.4865,1.0300,790,-1,-9,0.0215,358.19,652.72,23.00,35.00,372.50,642.50,25.00,29.00,0.1600,17.59,1,0,3.1388,ACCEPT,0,1791,155,10347,2,99,790,0,0,0,0
4,0,1,0,LOW_PSR,4.4020,1.1418,604,-10,-6,0.1523,358.19,652.72,23.00,35.00,378.50,632.50,25.00,29.00,0.0292,28.66,0,0,0.0000,NOT_RUN,0,2262,69,0,2,99,604,0,0,0,0
5,0,1,1,ACCEPT,5.2550,1.3084,806,-3,-14,0.2357,356.03,637.41,23.00,35.00,383.00,634.00,28.00,44.00,0.0000,27.18,1,0,3.1270,ACCEPT,0,3244,65,17259,2,99,806,0,0,0,0
6,0,1,0,NEGATIVE_PEAK,-4.3511,1.0260,-631,11,-7,0.1743,356.03,637.41,23.00,35.00,404.00,640.50,26.00,45.00,0.0000,48.07,0,0,0.0000,NOT_RUN,0,1883,301,0,2,99,631,0,0,0,0
7,0,1,0,NEGATIVE_PEAK,-5.2172,1.0866,-866,7,-11,0.3926,356.03,637.41,23.00,35.00,401.50,645.50,27.00,33.00,0.0000,46.18,0,0,0.0000,NOT_RUN,0,2030,210,0,2,99,866,0,0,0,0
8,0,1,1,ACCEPT,5.0969,1.3277,1013,-7,16,0.2498,351.00,654.91,23.00,35.00,421.00,660.00,28.00,36.00,0.0000,70.19,1,-1,1.5815,LOW_CONF,0,3041,373,2020,2,99,1013,0,0,0,0
9,0,1,1,ACCEPT,7.3012,1.3431,411,-1,-1,0.6691,350.28,653.81,23.00,35.00,421.00,666.00,26.00,32.00,0.0000,71.76,1,0,1.9994,LOW_CONF,0,820,318,8459,2,99,411,0,0,0,0
10,0,1,1,ACCEPT,7.0008,1.3067,1491,2,4,0.3501,351.72,658.19,23.00,35.00,424.50,674.50,29.00,23.00,0.0000,74.59,1,0,2.3161,ACCEPT,0,2254,317,8726,2,99,1491,0,0,0,0
11,0,1,1,ACCEPT,11.5140,2.3487,2593,-2,6,0.3386,350.28,664.75,23.00,35.00,422.50,682.50,29.00,23.00,0.0000,74.37,1,-1,1.8773,LOW_CONF,0,2866,245,7309,2,99,2593,0,0,0,0
12,0,1,1,ACCEPT,12.7038,2.5752,2740,1,5,0.2493,351.00,670.22,23.00,35.00,425.00,690.00,28.00,26.00,0.0000,76.60,1,0,2.4643,ACCEPT,0,2773,202,14316,2,99,2740,0,0,0,0
13,0,1,1,ACCEPT,7.8674,1.3351,2470,-12,3,0.0308,342.38,673.50,23.00,35.00,418.50,690.00,27.00,24.00,0.0000,77.89,1,0,2.2360,ACCEPT,0,5862,128,2881,2,99,2470,0,0,0,0
14,0,1,1,ACCEPT,10.8205,2.4498,610,-21,0,0.2361,327.28,673.50,23.00,35.00,404.50,684.00,29.00,24.00,0.0000,77.93,1,0,2.5357,ACCEPT,0,692,82,5533,2,99,610,0,0,0,0
15,0,1,1,ACCEPT,19.4619,3.8253,1752,-11,0,0.0325,319.38,673.50,23.00,35.00,398.00,680.50,30.00,27.00,0.0000,78.94,1,0,2.6546,ACCEPT,0,1332,133,12990,2,99,1752,0,0,0,0
16,0,1,1,ACCEPT,12.8757,1.3415,3406,-2,2,0.3277,317.94,675.69,23.00,35.00,399.50,672.50,27.00,31.00,0.0000,81.62,1,0,2.5836,ACCEPT,0,4886,150,12023,2,99,3406,0,0,0,0
17,0,1,1,ACCEPT,13.9399,2.5838,2899,-9,8,0.2021,311.47,684.44,22.12,33.65,397.00,672.00,26.00,32.00,0.0000,86.43,1,-1,2.1716,ACCEPT,0,2970,110,16544,2,99,2899,0,0,0,0
18,0,1,1,ACCEPT,6.0443,1.1823,1933,-6,21,0.0057,307.34,706.42,22.12,33.65,392.00,679.50,28.00,27.00,0.0000,88.83,1,0,2.5419,ACCEPT,0,3879,97,10499,2,99,1933,0,0,0,0
19,0,1,1,ACCEPT,15.2182,2.1029,4170,-7,5,0.0571,302.53,711.66,21.26,32.36,391.50,673.50,29.00,41.00,0.0000,96.81,1,-1,2.0996,ACCEPT,0,4299,91,7860,2,99,4170,0,0,0,0
20,0,1,1,ACCEPT,8.8426,1.9040,1249,-14,8,0.3731,293.12,719.78,22.12,33.65,388.50,630.00,27.00,38.00,0.0000,130.98,1,1,2.6044,ACCEPT,0,2343,69,11690,2,99,1249,0,0,0,0
21,0,1,0,NEGATIVE_PEAK,-3.5703,1.0345,-539,-25,10,0.1577,293.12,719.78,22.12,33.65,394.50,565.00,27.00,40.00,0.0000,185.02,0,0,0.0000,NOT_RUN,0,2233,119,0,2,99,539,0,0,0,0
22,0,1,0,NEGATIVE_PEAK,-4.8063,1.1654,-761,-9,-6,0.5269,293.12,719.78,22.12,33.65,393.50,496.50,27.00,47.00,0.0000,244.81,0,0,0.0000,NOT_RUN,0,2353,123,0,2,99,761,0,0,0,0
23,0,1,1,ACCEPT,5.4372,1.1541,809,-10,0,0.6749,286.25,719.78,22.12,33.65,390.00,473.50,30.00,53.00,0.0000,267.24,1,0,2.2608,ACCEPT,0,3184,94,14592,2,99,809,0,0,0,0
24,0,1,1,ACCEPT,5.3609,1.0602,1586,-6,-11,0.2440,282.12,708.27,22.12,33.65,376.50,485.50,25.00,55.00,0.0000,241.93,1,0,3.4500,ACCEPT,0,5593,74,14611,2,99,1586,0,0,0,0
25,0,1,1,ACCEPT,10.6924,2.4527,4275,-4,-3,0.0292,279.38,705.12,22.12,33.65,366.00,506.00,28.00,62.00,0.0000,217.15,1,0,1.9608,LOW_CONF,0,5972,117,11569,2,99,4275,0,0,0,0
26,0,1,1,ACCEPT,6.2293,1.1449,1359,-12,-4,0.3951,271.12,700.94,21.26,32.36,362.00,553.00,28.00,70.00,0.0000,173.62,1,-1,2.6419,ACCEPT,0,2650,138,6613,2,99,1359,0,0,0,0
27,0,1,0,LOW_PSR,3.9875,1.0768,533,-20,3,0.5347,271.12,700.94,21.26,32.36,362.00,591.00,26.00,66.00,0.0000,142.63,0,0,0.0000,NOT_RUN,0,2149,90,0,2,99,533,0,0,0,0
28,0,1,1,ACCEPT,5.8580,1.1557,735,-21,-4,0.3048,257.02,696.88,21.26,32.36,364.00,661.50,30.00,67.00,0.0000,112.68,1,2,1.4049,LOW_CONF,0,2080,65,5910,2,99,735,0,0,0,0
29,0,1,1,ACCEPT,8.2393,1.4814,1194,-15,4,0.2772,246.94,700.94,21.26,32.36,368.50,702.50,31.00,77.00,0.0000,121.57,1,5,1.4557,MAX_STEP,0,1732,73,10146,2,99,1194,0,0,0,0
30,0,1,1,ACCEPT,6.1378,1.1773,1122,-2,0,0.7032,245.59,700.94,21.26,32.36,370.00,770.00,26.00,68.00,0.0000,142.29,1,0,3.6103,ACCEPT,0,2951,157,11302,2,99,1122,0,0,0,0
31,0,1,0,LOW_PSR,4.9161,1.0110,732,-23,-1,0.3607,245.59,700.94,21.26,32.36,365.00,803.00,28.00,66.00,0.0000,157.08,0,0,0.0000,NOT_RUN,0,2211,170,0,2,99,732,0,0,0,0
32,0,1,1,ACCEPT,7.6914,1.6575,1742,-11,5,0.0884,238.20,706.02,21.26,32.36,358.50,821.50,29.00,73.00,0.0000,166.76,1,4,1.4483,MAX_STEP,0,4027,78,27904,2,99,1742,0,0,0,0
33,0,1,1,ACCEPT,5.9578,1.1309,2955,-19,-3,0.3672,225.44,702.97,20.45,31.11,378.00,820.50,26.00,73.00,0.0000,192.58,1,-1,2.2610,ACCEPT,0,6291,98,9649,2,99,2955,0,0,0,0
34,0,1,1,ACCEPT,5.6970,1.0753,1242,-4,-14,0.0491,222.88,689.41,20.45,31.11,390.00,810.00,30.00,60.00,0.0000,206.09,1,0,2.7724,ACCEPT,0,2927,73,21625,2,99,1242,0,0,0,0
35,0,1,1,ACCEPT,6.2682,1.0513,4017,-1,9,0.1504,222.23,698.12,20.45,31.11,391.50,803.00,31.00,62.00,0.0000,199.12,1,0,2.5696,ACCEPT,0,7876,106,16862,2,99,4017,0,0,0,0
36,0,1,0,NEGATIVE_PEAK,-4.7149,1.0612,-1943,1,-1,0.8477,222.23,698.12,20.45,31.11,397.00,781.50,30.00,75.00,0.0000,193.63,0,0,0.0000,NOT_RUN,0,5088,104,0,2,99,1943,0,0,0,0
37,0,1,0,NEGATIVE_PEAK,-5.2969,1.0615,-1553,-12,1,0.0451,222.23,698.12,20.45,31.11,390.50,778.50,31.00,65.00,0.0000,186.48,0,0,0.0000,NOT_RUN,0,5965,63,0,2,99,1553,0,0,0,0
38,0,1,1,ACCEPT,8.3651,1.4229,3324,-11,12,0.0517,215.19,709.75,20.45,31.11,375.00,782.50,30.00,61.00,0.0000,175.59,1,0,2.7990,ACCEPT,0,6933,148,22953,2,99,3324,0,0,0,0
39,0,1,1,ACCEPT,5.9083,1.0584,4025,-19,-1,0.0944,203.02,708.78,18.90,28.77,366.00,779.00,30.00,64.00,0.0000,177.47,1,-2,2.0584,ACCEPT,0,6730,126,23753,2,99,4025,0,0,0,0
40,0,1,1,ACCEPT,10.5244,2.3240,6614,-1,-2,0.4941,202.42,706.97,17.48,26.60,358.00,764.00,30.00,68.00,0.0000,165.70,1,-2,2.8853,ACCEPT,0,12192,133,21774,2,99,6614,0,0,0,0
41,0,1,1,ACCEPT,9.6699,1.4294,5100,-4,14,0.0071,200.23,718.56,17.48,26.60,356.50,752.00,33.00,64.00,0.0000,159.80,1,0,3.3401,ACCEPT,0,8001,188,17131,2,99,5100,0,0,0,0
42,0,1,0,LOW_PSR,4.9612,1.0505,1499,-24,12,0.2295,200.23,718.56,17.48,26.60,358.50,729.50,29.00,63.00,0.0000,158.64,0,0,0.0000,NOT_RUN,0,4607,185,0,2,99,1499,0,0,0,0
43,0,1,1,ACCEPT,6.8327,1.2645,1745,-5,2,0.4562,197.50,720.22,17.48,26.60,357.50,717.50,31.00,61.00,0.0000,160.02,1,0,2.8423,ACCEPT,0,4651,80,10693,2,99,1745,0,0,0,0
44,0,1,1,ACCEPT,5.6331,1.2036,2359,-6,-20,0.4968,194.22,703.66,18.18,27.66,345.00,709.50,34.00,59.00,0.0000,150.89,1,1,2.3096,ACCEPT,0,6707,75,10700,2,99,2359,0,0,0,0
45,0,1,1,ACCEPT,8.5817,1.4064,2720,2,-5,0.0963,195.34,699.36,18.18,27.66,335.00,707.00,32.00,52.00,0.0000,139.87,1,15,1.3497,MAX_STEP,0,3720,103,18247,2,99,2720,0,0,0,0
46,0,1,1,ACCEPT,8.3143,1.2906,3793,-6,3,0.1566,191.97,701.94,18.18,27.66,329.00,701.50,30.00,53.00,0.0000,137.03,1,0,2.6088,ACCEPT,0,7171,53,16223,2,99,3793,0,0,0,0
47,0,1,1,ACCEPT,7.5080,1.2304,4037,1,-1,0.9017,192.53,701.08,18.90,28.77,322.00,698.00,34.00,58.00,0.0000,129.51,1,1,2.3813,ACCEPT,0,9402,55,14439,2,99,4037,0,0,0,0
48,0,1,1,ACCEPT,7.0478,1.4717,2936,-10,15,0.0906,186.59,714.67,18.18,27.66,317.50,707.50,37.00,45.00,0.0000,131.10,1,-1,2.0335,ACCEPT,0,5560,147,14302,2,99,2936,0,0,0,0
49,0,1,1,ACCEPT,8.5414,1.1816,3455,-6,3,0.0373,183.22,717.25,18.18,27.66,330.00,705.00,34.00,44.00,0.0000,147.29,1,0,2.8248,ACCEPT,0,6483,163,16452,2,99,3455,0,0,0,0
50,0,1,1,ACCEPT,6.9498,1.2675,3649,-7,4,0.1946,179.28,720.69,18.18,27.66,343.50,707.00,29.00,52.00,0.0000,164.79,1,-16,1.5685,AT_SEARCH_RAIL,0,7977,100,20642,2,99,3649,0,0,0,0
51,0,1,1,ACCEPT,7.5481,1.0861,2788,-5,0,0.3433,176.47,720.69,18.18,27.66,355.50,725.00,33.00,48.00,0.0000,179.08,1,1,1.8266,LOW_CONF,0,5649,74,15360,2,99,2788,0,0,0,0
52,0,1,1,ACCEPT,7.4521,1.3392,3052,6,-6,0.0891,179.84,715.53,18.18,27.66,375.00,769.00,32.00,34.00,0.0000,202.35,1,0,2.5782,ACCEPT,0,6087,68,15857,2,99,3052,0,0,0,0
53,0,1,1,ACCEPT,6.2499,1.4918,1641,-7,-9,0.2901,175.91,707.80,18.18,27.66,387.50,789.50,27.00,41.00,0.0000,226.82,1,0,3.0158,ACCEPT,0,3925,124,13619,2,99,1641,0,0,0,0
54,0,1,1,ACCEPT,8.6566,1.6279,2419,6,-4,0.1137,179.28,704.36,18.18,27.66,410.50,798.00,25.00,46.00,0.0000,249.46,1,5,1.5790,MAX_STEP,0,4335,104,21264,2,99,2419,0,0,0,0
55,0,1,1,ACCEPT,9.2829,1.2268,3738,-19,0,0.0102,168.59,704.36,18.18,27.66,441.50,788.00,27.00,38.00,0.0000,285.44,1,0,3.2012,ACCEPT,0,8065,172,27216,2,99,3738,0,0,0,0
56,0,1,1,ACCEPT,6.4348,1.2007,2889,4,11,0.4843,170.84,713.81,18.18,27.66,493.50,778.50,29.00,35.00,0.0000,329.08,1,11,1.1198,MAX_STEP,0,8138,86,19548,2,99,2889,0,0,0,0
57,0,1,1,ACCEPT,7.2290,1.4688,2024,0,6,0.3923,170.84,718.97,18.18,27.66,519.50,765.00,27.00,42.00,0.0000,351.68,1,0,2.2433,ACCEPT,0,3603,75,21639,2,99,2024,0,0,0,0
58,0,1,0,NEGATIVE_PEAK,-5.2409,1.1674,-2183,-19,-1,0.3033,170.84,718.97,18.18,27.66,520.50,744.00,29.00,34.00,0.0000,350.55,0,0,0.0000,NOT_RUN,0,6123,95,0,2,99,2183,0,0,0,0
59,0,1,1,ACCEPT,9.3518,1.5055,3452,-14,-1,0.0516,162.97,718.11,18.18,27.66,510.00,742.00,32.00,24.00,0.0000,347.85,1,0,2.1208,ACCEPT,0,6294,84,15022,2,99,3452,0,0,0,0
60,0,1,1,ACCEPT,6.6589,1.0931,2807,-3,12,0.2818,161.28,728.42,18.18,27.66,480.00,735.50,32.00,31.00,0.0000,318.80,1,6,0.8947,MAX_STEP,0,6597,99,18482,2,99,2807,0,0,0,0
61,0,1,1,ACCEPT,6.6856,1.4827,3726,-10,0,0.2858,155.66,728.42,18.18,27.66,431.50,732.50,33.00,27.00,0.0000,275.87,1,-6,1.6912,MAX_STEP,0,13150,91,24724,2,99,3726,0,0,0,0
62,0,1,1,ACCEPT,6.3082,1.0104,1757,-1,0,0.8543,155.09,728.42,18.18,27.66,322.00,740.00,36.00,22.00,0.0000,167.31,1,0,3.0220,ACCEPT,0,2992,66,25405,2,99,1757,0,0,0,0
63,0,1,1,ACCEPT,9.6050,1.1880,4410,-19,9,0.2841,144.41,736.16,18.18,27.66,264.00,758.00,34.00,22.00,0.0000,121.57,1,0,3.4895,ACCEPT,0,6324,79,23531,2,99,4410,0,0,0,0
64,0,1,1,ACCEPT,6.8938,1.0069,3799,-5,-9,0.0734,141.59,728.42,18.18,27.66,248.50,827.00,33.00,24.00,0.0000,145.42,1,-9,1.5919,MAX_STEP,0,11263,95,20809,2,99,3799,0,0,0,0
65,0,1,1,ACCEPT,5.8886,1.0549,4475,-10,-8,0.4083,135.97,721.55,18.18,27.66,257.50,890.00,37.00,26.00,0.0000,207.72,1,4,1.9474,MAX_STEP,0,15070,77,15514,2,99,4475,0,0,0,0
66,0,1,1,ACCEPT,11.8549,1.7154,4889,0,0,1.0000,135.97,721.55,18.18,27.66,276.00,968.50,32.00,25.00,0.0000,283.89,1,4,2.1607,MAX_STEP,0,5414,86,7795,2,99,4889,0,0,0,0
67,0,1,1,ACCEPT,6.6908,1.1972,2325,-19,-2,0.1944,125.28,719.83,18.18,27.66,316.00,982.00,28.00,28.00,0.0000,324.20,1,4,2.6783,MAX_STEP,0,5008,211,12568,2,99,2325,0,0,0,0
68,0,1,1,ACCEPT,6.4550,1.2632,4770,-18,1,0.0285,115.16,720.69,18.18,27.66,320.00,989.00,30.00,36.00,0.0000,337.57,1,9,1.2668,MAX_STEP,0,15309,92,9409,2,99,4770,0,0,0,0
69,0,1,1,ACCEPT,8.5905,1.1521,4453,-9,0,0.2095,110.09,720.69,18.18,27.66,332.50,991.00,29.00,32.00,0.0000,350.05,1,5,1.4307,MAX_STEP,0,7162,134,16083,2,99,4453,0,0,0,0
70,0,1,0,NEGATIVE_PEAK,-6.9475,1.3350,-1841,-12,-3,0.0076,110.09,720.69,18.18,27.66,366.50,988.50,31.00,35.00,0.0000,370.77,0,0,0.0000,NOT_RUN,0,4654,46,0,2,99,1841,0,0,0,0
71,0,1,1,ACCEPT,6.8583,1.1128,4035,-6,-6,0.2230,106.72,715.53,18.18,27.66,385.00,995.00,30.00,44.00,0.0000,394.39,1,0,2.3054,ACCEPT,0,7327,83,10167,2,99,4035,0,0,0,0
72,0,1,1,ACCEPT,8.5107,1.5199,3634,-4,4,0.1739,104.47,718.97,18.18,27.66,394.00,1008.00,28.00,46.00,0.0000,409.11,1,15,1.1770,MAX_STEP,0,6652,131,6671,2,99,3634,0,0,0,0
73,0,1,0,NEGATIVE_PEAK,-5.1039,1.1378,-2395,-14,-8,0.3507,104.47,718.97,18.18,27.66,392.50,1007.50,29.00,41.00,0.0000,407.69,0,0,0.0000,NOT_RUN,0,7881,97,0,2,99,2395,0,0,0,0
74,0,1,1,ACCEPT,7.1821,1.2562,1618,-14,-2,0.2886,96.59,717.25,17.48,26.60,369.50,1013.00,29.00,52.00,0.0000,402.43,1,-1,3.0600,ACCEPT,0,3870,70,12035,2,99,1618,0,0,0,0
75,0,1,1,ACCEPT,5.0619,1.1078,1428,-11,-19,0.0035,90.58,701.52,17.48,26.60,355.00,1022.00,28.00,60.00,0.0000,415.49,1,-16,1.8488,AT_SEARCH_RAIL,0,4219,58,11994,2,99,1428,0,0,0,0
76,0,1,1,ACCEPT,6.2297,1.1940,4351,-16,2,0.5233,81.83,703.17,17.48,26.60,336.50,1055.00,29.00,40.00,0.0000,434.33,1,13,1.0780,MAX_STEP,0,8312,101,11049,2,99,4351,0,0,0,0
77,0,1,1,ACCEPT,10.1281,2.1924,1949,-14,4,0.2027,74.17,706.48,17.48,26.60,322.50,1086.00,27.00,40.00,0.0000,453.54,1,4,3.2389,MAX_STEP,0,3930,44,15098,2,99,1949,0,0,0,0
78,0,1,1,ACCEPT,10.2065,1.6933,5576,-8,10,0.0486,69.80,714.77,17.48,26.60,307.50,1153.50,33.00,49.00,0.0000,498.99,1,-8,1.5788,MAX_STEP,0,6807,58,15496,2,99,5576,0,0,0,0
79,0,1,1,ACCEPT,7.3860,1.0955,1869,3,-9,0.0754,71.44,707.31,17.48,26.60,275.50,1165.50,29.00,47.00,0.0000,501.57,1,6,1.5979,MAX_STEP,0,3794,67,14464,2,99,1869,0,0,0,0
80,0,1,1,ACCEPT,11.7855,2.0882,7482,-8,-8,0.1557,67.06,700.69,17.48,26.60,204.00,1124.50,24.00,39.00,0.0000,445.39,1,3,1.6214,MAX_STEP,0,10750,95,19428,2,99,7482,0,0,0,0
81,0,1,1,ACCEPT,6.8599,1.6448,3153,-15,13,0.0409,58.86,711.45,17.48,26.60,195.50,1032.00,25.00,34.00,0.0000,348.46,1,-5,1.7960,MAX_STEP,0,8089,102,20452,2,99,3153,0,0,0,0
82,0,1,1,ACCEPT,7.8327,1.6375,3542,-20,1,0.0553,47.92,712.28,17.48,26.60,215.00,888.00,24.00,50.00,0.0000,242.47,1,6,1.2764,MAX_STEP,0,8704,179,21496,2,99,3542,0,0,0,0
83,0,1,1,ACCEPT,6.9101,1.2483,3720,-10,-7,0.6707,42.45,706.48,18.18,27.66,238.00,809.00,24.00,44.00,0.0000,220.79,1,1,2.4065,ACCEPT,0,7058,97,16762,2,99,3720,0,0,0,0
84,0,1,1,ACCEPT,9.7821,1.5858,4085,-8,8,0.0169,37.95,713.36,18.18,27.66,282.50,777.00,23.00,36.00,0.0000,252.69,1,15,1.3381,MAX_STEP,0,6066,67,20228,2,99,4085,0,0,0,0
85,0,1,1,ACCEPT,10.4687,1.9428,4785,-5,-7,0.2669,35.14,707.34,18.18,27.66,299.00,819.50,24.00,35.00,0.0000,286.71,1,0,1.9018,LOW_CONF,0,6325,203,18945,2,99,4785,0,0,0,0
86,0,1,1,ACCEPT,7.2023,1.0668,2413,-19,2,0.1450,24.45,709.06,18.90,28.77,323.00,888.00,24.00,48.00,0.0000,348.06,1,1,2.3997,ACCEPT,0,5790,141,12509,2,99,2413,0,0,0,0
87,0,1,1,ACCEPT,5.8894,1.1028,5780,-18,14,0.2303,13.77,721.75,18.90,28.77,343.00,892.50,26.00,45.00,0.0000,370.88,1,7,1.6528,MAX_STEP,0,13081,159,15030,2,99,5780,0,0,0,0
88,0,1,1,ACCEPT,6.5340,1.2496,3485,9,3,0.1822,19.11,724.47,18.90,28.77,352.00,921.50,22.00,37.00,0.0000,386.83,1,0,1.9774,LOW_CONF,0,6557,158,15409,2,99,3485,0,0,0,0
89,0,1,1,ACCEPT,7.8283,1.3363,4379,-1,14,0.1003,18.52,737.16,18.90,28.77,351.50,946.00,27.00,38.00,0.0000,393.06,1,-1,1.7504,LOW_CONF,0,7396,85,13875,2,99,4379,0,0,0,0
90,0,1,1,ACCEPT,9.0243,1.6807,4906,-13,-13,0.2817,10.80,725.38,18.90,28.77,342.50,955.00,25.00,44.00,0.0000,403.43,1,0,2.8977,ACCEPT,0,8217,92,20268,2,99,4906,0,0,0,0
91,0,1,1,ACCEPT,8.5050,1.7440,4571,-14,-13,0.1221,2.48,713.59,18.90,28.77,329.00,909.00,24.00,38.00,0.0000,380.52,1,0,2.8437,ACCEPT,0,11630,136,9954,2,99,4571,0,0,0,0
92,0,1,0,NEGATIVE_PEAK,-3.6822,1.0691,-325,-11,-18,0.3600,2.48,713.59,18.90,28.77,305.50,804.00,23.00,38.00,0.0000,316.21,0,0,0.0000,NOT_RUN,0,1400,71,0,2,99,325,0,0,0,0
93,0,1,1,ACCEPT,7.1165,1.1574,456,8,-8,0.0175,7.23,706.34,19.66,29.92,294.00,739.50,20.00,47.00,0.0000,288.68,1,1,2.8913,ACCEPT,0,1266,62,14911,2,99,456,0,0,0,0
94,0,1,1,ACCEPT,6.5742,1.3219,2435,-20,-4,0.1450,-4.95,702.59,19.66,29.92,272.00,722.50,26.00,51.00,0.0000,277.67,1,-10,1.5089,MAX_STEP,0,3962,159,11741,2,99,2435,0,0,0,0
95,0,1,1,ACCEPT,9.3187,1.5149,3601,-4,-2,0.1841,-7.39,700.72,19.66,29.92,271.50,729.00,27.00,40.00,0.0000,280.32,1,1,1.8351,LOW_CONF,0,6685,99,13787,2,99,3601,0,0,0,0
96,0,1,1,ACCEPT,8.9957,1.4770,1926,5,7,0.1189,-4.34,707.28,20.45,31.11,267.00,762.50,22.00,45.00,0.0000,276.91,1,1,2.4786,ACCEPT,0,3130,169,13560,2,99,1926,0,0,0,0
97,0,1,1,ACCEPT,5.5444,1.0302,1160,1,8,0.4664,-3.70,715.03,20.45,31.11,267.00,794.50,22.00,51.00,0.0000,282.13,1,-15,0.9921,MAX_STEP,0,2323,119,11359,2,99,1160,0,0,0,0
98,0,1,1,ACCEPT,5.5176,1.2173,1619,0,-9,0.0321,-3.70,706.31,20.45,31.11,258.00,828.50,26.00,47.00,0.0000,288.82,1,16,1.3181,AT_SEARCH_RAIL,0,3822,148,16861,2,99,1619,0,0,0,0
99,0,1,1,ACCEPT,10.9021,1.9589,3477,5,-1,0.1915,-0.50,705.34,20.45,31.11,258.00,825.50,24.00,47.00,0.0000,285.06,1,-14,1.9432,MAX_STEP,0,4392,103,11261,2,99,3477,0,0,0,0
